"","year","State","GDP"
"1",1963,"AK",1.083e+09
"2",1963,"AL",7.343e+09
"3",1963,"AR",3.791e+09
"4",1963,"AZ",4.482e+09
"5",1963,"CA",6.7809e+10
"6",1963,"CO",5.925e+09
"7",1963,"CT",9.877e+09
"8",1963,"DE",1.885e+09
"9",1963,"FL",1.4684e+10
"10",1963,"GA",1.0318e+10
"11",1963,"HI",2.367e+09
"12",1963,"IA",7.921e+09
"13",1963,"ID",1.841e+09
"14",1963,"IL",3.9514e+10
"15",1963,"IN",1.5636e+10
"16",1963,"KS",6.135e+09
"17",1963,"KY",8.355e+09
"18",1963,"LA",9.659e+09
"19",1963,"MA",1.7415e+10
"20",1963,"MD",1.0261e+10
"21",1963,"ME",2.42e+09
"22",1963,"MI",3.0466e+10
"23",1963,"MN",1.0745e+10
"24",1963,"MO",1.3613e+10
"25",1963,"MS",4.425e+09
"26",1963,"MT",1.974e+09
"27",1963,"NC",1.2639e+10
"28",1963,"ND",1.624e+09
"29",1963,"NE",4.262e+09
"30",1963,"NH",1.651e+09
"31",1963,"NJ",2.3388e+10
"32",1963,"NM",3.03e+09
"33",1963,"NV",1.819e+09
"34",1963,"NY",7.064e+10
"35",1963,"OH",3.327e+10
"36",1963,"OK",6.151e+09
"37",1963,"OR",5.707e+09
"38",1963,"PA",3.4533e+10
"39",1963,"RI",2.686e+09
"40",1963,"SC",5.057e+09
"41",1963,"SD",1.61e+09
"42",1963,"TN",9.055e+09
"43",1963,"TX",2.9252e+10
"44",1963,"UT",2.998e+09
"45",1963,"VA",1.1682e+10
"46",1963,"VT",9.93e+08
"47",1963,"WA",1.1171e+10
"48",1963,"WI",1.2742e+10
"49",1963,"WV",4.617e+09
"50",1963,"WY",1.353e+09
"51",1964,"AK",1.23e+09
"52",1964,"AL",8.22e+09
"53",1964,"AR",4.148e+09
"54",1964,"AZ",4.817e+09
"55",1964,"CA",7.3513e+10
"56",1964,"CO",6.228e+09
"57",1964,"CT",1.0551e+10
"58",1964,"DE",2.068e+09
"59",1964,"FL",1.6025e+10
"60",1964,"GA",1.1253e+10
"61",1964,"HI",2.571e+09
"62",1964,"IA",8.35e+09
"63",1964,"ID",1.946e+09
"64",1964,"IL",4.2478e+10
"65",1964,"IN",1.6723e+10
"66",1964,"KS",6.418e+09
"67",1964,"KY",8.774e+09
"68",1964,"LA",1.0468e+10
"69",1964,"MA",1.8625e+10
"70",1964,"MD",1.1171e+10
"71",1964,"ME",2.604e+09
"72",1964,"MI",3.2575e+10
"73",1964,"MN",1.1353e+10
"74",1964,"MO",1.4454e+10
"75",1964,"MS",4.524e+09
"76",1964,"MT",2.024e+09
"77",1964,"NC",1.3482e+10
"78",1964,"ND",1.591e+09
"79",1964,"NE",4.4e+09
"80",1964,"NH",1.812e+09
"81",1964,"NJ",2.4774e+10
"82",1964,"NM",3.156e+09
"83",1964,"NV",1.933e+09
"84",1964,"NY",7.5542e+10
"85",1964,"OH",3.5652e+10
"86",1964,"OK",6.544e+09
"87",1964,"OR",6.164e+09
"88",1964,"PA",3.7375e+10
"89",1964,"RI",2.881e+09
"90",1964,"SC",5.544e+09
"91",1964,"SD",1.597e+09
"92",1964,"TN",9.758e+09
"93",1964,"TX",3.1356e+10
"94",1964,"UT",3.078e+09
"95",1964,"VA",1.2713e+10
"96",1964,"VT",1.09e+09
"97",1964,"WA",1.1392e+10
"98",1964,"WI",1.3719e+10
"99",1964,"WV",4.892e+09
"100",1964,"WY",1.405e+09
"101",1965,"AK",1.374e+09
"102",1965,"AL",8.994e+09
"103",1965,"AR",4.446e+09
"104",1965,"AZ",5.028e+09
"105",1965,"CA",7.8253e+10
"106",1965,"CO",6.631e+09
"107",1965,"CT",1.1456e+10
"108",1965,"DE",2.313e+09
"109",1965,"FL",1.7445e+10
"110",1965,"GA",1.2519e+10
"111",1965,"HI",2.849e+09
"112",1965,"IA",9.196e+09
"113",1965,"ID",2.197e+09
"114",1965,"IL",4.5978e+10
"115",1965,"IN",1.8518e+10
"116",1965,"KS",6.831e+09
"117",1965,"KY",9.518e+09
"118",1965,"LA",1.1453e+10
"119",1965,"MA",1.9997e+10
"120",1965,"MD",1.2263e+10
"121",1965,"ME",2.807e+09
"122",1965,"MI",3.7e+10
"123",1965,"MN",1.248e+10
"124",1965,"MO",1.5625e+10
"125",1965,"MS",4.925e+09
"126",1965,"MT",2.178e+09
"127",1965,"NC",1.4544e+10
"128",1965,"ND",1.825e+09
"129",1965,"NE",4.749e+09
"130",1965,"NH",1.961e+09
"131",1965,"NJ",2.6655e+10
"132",1965,"NM",3.311e+09
"133",1965,"NV",2.032e+09
"134",1965,"NY",8.0347e+10
"135",1965,"OH",3.9071e+10
"136",1965,"OK",6.966e+09
"137",1965,"OR",6.725e+09
"138",1965,"PA",4.0541e+10
"139",1965,"RI",3.157e+09
"140",1965,"SC",6.211e+09
"141",1965,"SD",1.763e+09
"142",1965,"TN",1.082e+10
"143",1965,"TX",3.3858e+10
"144",1965,"UT",3.207e+09
"145",1965,"VA",1.3666e+10
"146",1965,"VT",1.208e+09
"147",1965,"WA",1.233e+10
"148",1965,"WI",1.4784e+10
"149",1965,"WV",5.208e+09
"150",1965,"WY",1.448e+09
"151",1966,"AK",1.494e+09
"152",1966,"AL",9.847e+09
"153",1966,"AR",4.868e+09
"154",1966,"AZ",5.527e+09
"155",1966,"CA",8.4627e+10
"156",1966,"CO",7.275e+09
"157",1966,"CT",1.2812e+10
"158",1966,"DE",2.482e+09
"159",1966,"FL",1.9182e+10
"160",1966,"GA",1.3808e+10
"161",1966,"HI",3.11e+09
"162",1966,"IA",1.0202e+10
"163",1966,"ID",2.273e+09
"164",1966,"IL",5.0435e+10
"165",1966,"IN",2.0049e+10
"166",1966,"KS",7.401e+09
"167",1966,"KY",1.0378e+10
"168",1966,"LA",1.2774e+10
"169",1966,"MA",2.1837e+10
"170",1966,"MD",1.3563e+10
"171",1966,"ME",3.001e+09
"172",1966,"MI",3.926e+10
"173",1966,"MN",1.3747e+10
"174",1966,"MO",1.6843e+10
"175",1966,"MS",5.319e+09
"176",1966,"MT",2.349e+09
"177",1966,"NC",1.5966e+10
"178",1966,"ND",1.846e+09
"179",1966,"NE",5.205e+09
"180",1966,"NH",2.169e+09
"181",1966,"NJ",2.9027e+10
"182",1966,"NM",3.452e+09
"183",1966,"NV",2.131e+09
"184",1966,"NY",8.6559e+10
"185",1966,"OH",4.2672e+10
"186",1966,"OK",7.468e+09
"187",1966,"OR",7.267e+09
"188",1966,"PA",4.4082e+10
"189",1966,"RI",3.47e+09
"190",1966,"SC",6.941e+09
"191",1966,"SD",1.919e+09
"192",1966,"TN",1.198e+10
"193",1966,"TX",3.6774e+10
"194",1966,"UT",3.409e+09
"195",1966,"VA",1.4904e+10
"196",1966,"VT",1.435e+09
"197",1966,"WA",1.427e+10
"198",1966,"WI",1.6133e+10
"199",1966,"WV",5.57e+09
"200",1966,"WY",1.509e+09
"201",1967,"AK",1.643e+09
"202",1967,"AL",1.0053e+10
"203",1967,"AR",5.132e+09
"204",1967,"AZ",5.783e+09
"205",1967,"CA",8.9571e+10
"206",1967,"CO",7.666e+09
"207",1967,"CT",1.3595e+10
"208",1967,"DE",2.605e+09
"209",1967,"FL",2.1123e+10
"210",1967,"GA",1.4711e+10
"211",1967,"HI",3.307e+09
"212",1967,"IA",1.0617e+10
"213",1967,"ID",2.335e+09
"214",1967,"IL",5.2817e+10
"215",1967,"IN",2.0951e+10
"216",1967,"KS",7.76e+09
"217",1967,"KY",1.1041e+10
"218",1967,"LA",1.4022e+10
"219",1967,"MA",2.3275e+10
"220",1967,"MD",1.4319e+10
"221",1967,"ME",3.154e+09
"222",1967,"MI",4.0025e+10
"223",1967,"MN",1.4616e+10
"224",1967,"MO",1.7843e+10
"225",1967,"MS",5.652e+09
"226",1967,"MT",2.362e+09
"227",1967,"NC",1.7155e+10
"228",1967,"ND",1.874e+09
"229",1967,"NE",5.486e+09
"230",1967,"NH",2.37e+09
"231",1967,"NJ",3.0976e+10
"232",1967,"NM",3.514e+09
"233",1967,"NV",2.248e+09
"234",1967,"NY",9.2078e+10
"235",1967,"OH",4.442e+10
"236",1967,"OK",8.087e+09
"237",1967,"OR",7.639e+09
"238",1967,"PA",4.6515e+10
"239",1967,"RI",3.631e+09
"240",1967,"SC",7.381e+09
"241",1967,"SD",1.96e+09
"242",1967,"TN",1.2598e+10
"243",1967,"TX",3.9907e+10
"244",1967,"UT",3.488e+09
"245",1967,"VA",1.5925e+10
"246",1967,"VT",1.505e+09
"247",1967,"WA",1.5659e+10
"248",1967,"WI",1.6841e+10
"249",1967,"WV",5.825e+09
"250",1967,"WY",1.541e+09
"251",1968,"AK",1.899e+09
"252",1968,"AL",1.0977e+10
"253",1968,"AR",5.704e+09
"254",1968,"AZ",6.593e+09
"255",1968,"CA",9.8721e+10
"256",1968,"CO",8.54e+09
"257",1968,"CT",1.4303e+10
"258",1968,"DE",2.884e+09
"259",1968,"FL",2.3793e+10
"260",1968,"GA",1.6424e+10
"261",1968,"HI",3.722e+09
"262",1968,"IA",1.1273e+10
"263",1968,"ID",2.497e+09
"264",1968,"IL",5.6331e+10
"265",1968,"IN",2.2646e+10
"266",1968,"KS",8.487e+09
"267",1968,"KY",1.2212e+10
"268",1968,"LA",1.5076e+10
"269",1968,"MA",2.5226e+10
"270",1968,"MD",1.5852e+10
"271",1968,"ME",3.406e+09
"272",1968,"MI",4.4727e+10
"273",1968,"MN",1.6149e+10
"274",1968,"MO",1.9711e+10
"275",1968,"MS",6.267e+09
"276",1968,"MT",2.531e+09
"277",1968,"NC",1.8962e+10
"278",1968,"ND",1.958e+09
"279",1968,"NE",5.823e+09
"280",1968,"NH",2.596e+09
"281",1968,"NJ",3.3657e+10
"282",1968,"NM",3.806e+09
"283",1968,"NV",2.549e+09
"284",1968,"NY",9.9817e+10
"285",1968,"OH",4.8696e+10
"286",1968,"OK",8.836e+09
"287",1968,"OR",8.528e+09
"288",1968,"PA",4.9957e+10
"289",1968,"RI",3.912e+09
"290",1968,"SC",8.17e+09
"291",1968,"SD",2.093e+09
"292",1968,"TN",1.3974e+10
"293",1968,"TX",4.4484e+10
"294",1968,"UT",3.724e+09
"295",1968,"VA",1.7693e+10
"296",1968,"VT",1.628e+09
"297",1968,"WA",1.7014e+10
"298",1968,"WI",1.8226e+10
"299",1968,"WV",6.091e+09
"300",1968,"WY",1.671e+09
"301",1969,"AK",2.073e+09
"302",1969,"AL",1.1866e+10
"303",1969,"AR",6.232e+09
"304",1969,"AZ",7.563e+09
"305",1969,"CA",1.06629e+11
"306",1969,"CO",9.48e+09
"307",1969,"CT",1.5627e+10
"308",1969,"DE",3.069e+09
"309",1969,"FL",2.7427e+10
"310",1969,"GA",1.8082e+10
"311",1969,"HI",4.262e+09
"312",1969,"IA",1.2332e+10
"313",1969,"ID",2.75e+09
"314",1969,"IL",6.084e+10
"315",1969,"IN",2.4212e+10
"316",1969,"KS",9.166e+09
"317",1969,"KY",1.3206e+10
"318",1969,"LA",1.6321e+10
"319",1969,"MA",2.7476e+10
"320",1969,"MD",1.7385e+10
"321",1969,"ME",3.695e+09
"322",1969,"MI",4.7894e+10
"323",1969,"MN",1.7681e+10
"324",1969,"MO",2.1095e+10
"325",1969,"MS",6.801e+09
"326",1969,"MT",2.761e+09
"327",1969,"NC",2.0882e+10
"328",1969,"ND",2.178e+09
"329",1969,"NE",6.537e+09
"330",1969,"NH",2.817e+09
"331",1969,"NJ",3.5852e+10
"332",1969,"NM",4.091e+09
"333",1969,"NV",2.947e+09
"334",1969,"NY",1.07031e+11
"335",1969,"OH",5.2817e+10
"336",1969,"OK",9.622e+09
"337",1969,"OR",9.353e+09
"338",1969,"PA",5.4486e+10
"339",1969,"RI",4.113e+09
"340",1969,"SC",8.874e+09
"341",1969,"SD",2.273e+09
"342",1969,"TN",1.5167e+10
"343",1969,"TX",4.8575e+10
"344",1969,"UT",4.036e+09
"345",1969,"VA",1.9638e+10
"346",1969,"VT",1.798e+09
"347",1969,"WA",1.8091e+10
"348",1969,"WI",1.9521e+10
"349",1969,"WV",6.381e+09
"350",1969,"WY",1.801e+09
"351",1970,"AK",2.359e+09
"352",1970,"AL",1.2475e+10
"353",1970,"AR",6.667e+09
"354",1970,"AZ",8.569e+09
"355",1970,"CA",1.11985e+11
"356",1970,"CO",1.0431e+10
"357",1970,"CT",1.6347e+10
"358",1970,"DE",3.166e+09
"359",1970,"FL",3.0691e+10
"360",1970,"GA",1.9365e+10
"361",1970,"HI",4.813e+09
"362",1970,"IA",1.2957e+10
"363",1970,"ID",3.015e+09
"364",1970,"IL",6.2763e+10
"365",1970,"IN",2.4546e+10
"366",1970,"KS",9.755e+09
"367",1970,"KY",1.3943e+10
"368",1970,"LA",1.7177e+10
"369",1970,"MA",2.9052e+10
"370",1970,"MD",1.872e+10
"371",1970,"ME",3.959e+09
"372",1970,"MI",4.6178e+10
"373",1970,"MN",1.8699e+10
"374",1970,"MO",2.223e+10
"375",1970,"MS",7.253e+09
"376",1970,"MT",2.919e+09
"377",1970,"NC",2.284e+10
"378",1970,"ND",2.294e+09
"379",1970,"NE",6.907e+09
"380",1970,"NH",3.05e+09
"381",1970,"NJ",3.8492e+10
"382",1970,"NM",4.431e+09
"383",1970,"NV",3.262e+09
"384",1970,"NY",1.12349e+11
"385",1970,"OH",5.3714e+10
"386",1970,"OK",1.0369e+10
"387",1970,"OR",9.798e+09
"388",1970,"PA",5.667e+10
"389",1970,"RI",4.311e+09
"390",1970,"SC",9.556e+09
"391",1970,"SD",2.437e+09
"392",1970,"TN",1.61e+10
"393",1970,"TX",5.2314e+10
"394",1970,"UT",4.448e+09
"395",1970,"VA",2.1048e+10
"396",1970,"VT",1.98e+09
"397",1970,"WA",1.8112e+10
"398",1970,"WI",2.0193e+10
"399",1970,"WV",7.088e+09
"400",1970,"WY",1.943e+09
"401",1971,"AK",2.539e+09
"402",1971,"AL",1.3624e+10
"403",1971,"AR",7.44e+09
"404",1971,"AZ",9.649e+09
"405",1971,"CA",1.20372e+11
"406",1971,"CO",1.1998e+10
"407",1971,"CT",1.7129e+10
"408",1971,"DE",3.623e+09
"409",1971,"FL",3.4161e+10
"410",1971,"GA",2.157e+10
"411",1971,"HI",5.188e+09
"412",1971,"IA",1.3666e+10
"413",1971,"ID",3.265e+09
"414",1971,"IL",6.7379e+10
"415",1971,"IN",2.6882e+10
"416",1971,"KS",1.0824e+10
"417",1971,"KY",1.5568e+10
"418",1971,"LA",1.8634e+10
"419",1971,"MA",3.0989e+10
"420",1971,"MD",2.0501e+10
"421",1971,"ME",4.207e+09
"422",1971,"MI",5.1704e+10
"423",1971,"MN",2.0035e+10
"424",1971,"MO",2.4245e+10
"425",1971,"MS",7.923e+09
"426",1971,"MT",3.143e+09
"427",1971,"NC",2.5035e+10
"428",1971,"ND",2.632e+09
"429",1971,"NE",7.66e+09
"430",1971,"NH",3.332e+09
"431",1971,"NJ",4.1307e+10
"432",1971,"NM",4.822e+09
"433",1971,"NV",3.611e+09
"434",1971,"NY",1.19145e+11
"435",1971,"OH",5.7975e+10
"436",1971,"OK",1.1278e+10
"437",1971,"OR",1.0864e+10
"438",1971,"PA",6.0293e+10
"439",1971,"RI",4.599e+09
"440",1971,"SC",1.0551e+10
"441",1971,"SD",2.656e+09
"442",1971,"TN",1.7867e+10
"443",1971,"TX",5.7344e+10
"444",1971,"UT",4.936e+09
"445",1971,"VA",2.3157e+10
"446",1971,"VT",2.122e+09
"447",1971,"WA",1.8761e+10
"448",1971,"WI",2.2083e+10
"449",1971,"WV",7.602e+09
"450",1971,"WY",2.1e+09
"451",1972,"AK",2.743e+09
"452",1972,"AL",1.5356e+10
"453",1972,"AR",8.494e+09
"454",1972,"AZ",1.1292e+10
"455",1972,"CA",1.33143e+11
"456",1972,"CO",1.3784e+10
"457",1972,"CT",1.8799e+10
"458",1972,"DE",3.984e+09
"459",1972,"FL",3.9709e+10
"460",1972,"GA",2.461e+10
"461",1972,"HI",5.624e+09
"462",1972,"IA",1.5311e+10
"463",1972,"ID",3.773e+09
"464",1972,"IL",7.3501e+10
"465",1972,"IN",2.9954e+10
"466",1972,"KS",1.2127e+10
"467",1972,"KY",1.6915e+10
"468",1972,"LA",2.0294e+10
"469",1972,"MA",3.3807e+10
"470",1972,"MD",2.2644e+10
"471",1972,"ME",4.625e+09
"472",1972,"MI",5.6579e+10
"473",1972,"MN",2.1925e+10
"474",1972,"MO",2.6414e+10
"475",1972,"MS",9.183e+09
"476",1972,"MT",3.661e+09
"477",1972,"NC",2.8005e+10
"478",1972,"ND",3.078e+09
"479",1972,"NE",8.487e+09
"480",1972,"NH",3.626e+09
"481",1972,"NJ",4.5388e+10
"482",1972,"NM",5.406e+09
"483",1972,"NV",3.99e+09
"484",1972,"NY",1.27221e+11
"485",1972,"OH",6.294e+10
"486",1972,"OK",1.2738e+10
"487",1972,"OR",1.2221e+10
"488",1972,"PA",6.539e+10
"489",1972,"RI",5.114e+09
"490",1972,"SC",1.1897e+10
"491",1972,"SD",3.046e+09
"492",1972,"TN",2.0326e+10
"493",1972,"TX",6.4019e+10
"494",1972,"UT",5.604e+09
"495",1972,"VA",2.6064e+10
"496",1972,"VT",2.294e+09
"497",1972,"WA",2.0483e+10
"498",1972,"WI",2.4064e+10
"499",1972,"WV",8.391e+09
"500",1972,"WY",2.356e+09
"501",1973,"AK",3.041e+09
"502",1973,"AL",1.7428e+10
"503",1973,"AR",9.886e+09
"504",1973,"AZ",1.333e+10
"505",1973,"CA",1.47231e+11
"506",1973,"CO",1.612e+10
"507",1973,"CT",2.0808e+10
"508",1973,"DE",4.516e+09
"509",1973,"FL",4.6973e+10
"510",1973,"GA",2.8226e+10
"511",1973,"HI",6.353e+09
"512",1973,"IA",1.8502e+10
"513",1973,"ID",4.481e+09
"514",1973,"IL",8.1286e+10
"515",1973,"IN",3.3972e+10
"516",1973,"KS",1.4e+10
"517",1973,"KY",1.8903e+10
"518",1973,"LA",2.2735e+10
"519",1973,"MA",3.6912e+10
"520",1973,"MD",2.5112e+10
"521",1973,"ME",5.203e+09
"522",1973,"MI",6.2907e+10
"523",1973,"MN",2.6001e+10
"524",1973,"MO",2.9275e+10
"525",1973,"MS",1.0557e+10
"526",1973,"MT",4.341e+09
"527",1973,"NC",3.1755e+10
"528",1973,"ND",4.404e+09
"529",1973,"NE",9.961e+09
"530",1973,"NH",4.173e+09
"531",1973,"NJ",4.9301e+10
"532",1973,"NM",6.189e+09
"533",1973,"NV",4.53e+09
"534",1973,"NY",1.36396e+11
"535",1973,"OH",6.9836e+10
"536",1973,"OK",1.4483e+10
"537",1973,"OR",1.418e+10
"538",1973,"PA",7.1852e+10
"539",1973,"RI",5.418e+09
"540",1973,"SC",1.3761e+10
"541",1973,"SD",3.958e+09
"542",1973,"TN",2.315e+10
"543",1973,"TX",7.384e+10
"544",1973,"UT",6.472e+09
"545",1973,"VA",2.945e+10
"546",1973,"VT",2.483e+09
"547",1973,"WA",2.3342e+10
"548",1973,"WI",2.7037e+10
"549",1973,"WV",9.187e+09
"550",1973,"WY",2.844e+09
"551",1974,"AK",3.999e+09
"552",1974,"AL",1.9454e+10
"553",1974,"AR",1.0865e+10
"554",1974,"AZ",1.4611e+10
"555",1974,"CA",1.61815e+11
"556",1974,"CO",1.7852e+10
"557",1974,"CT",2.2502e+10
"558",1974,"DE",4.737e+09
"559",1974,"FL",5.2123e+10
"560",1974,"GA",3.0378e+10
"561",1974,"HI",7.143e+09
"562",1974,"IA",1.9341e+10
"563",1974,"ID",5.186e+09
"564",1974,"IL",8.807e+10
"565",1974,"IN",3.5606e+10
"566",1974,"KS",1.5063e+10
"567",1974,"KY",2.1173e+10
"568",1974,"LA",2.6892e+10
"569",1974,"MA",3.9313e+10
"570",1974,"MD",2.7381e+10
"571",1974,"ME",5.603e+09
"572",1974,"MI",6.3034e+10
"573",1974,"MN",2.7689e+10
"574",1974,"MO",3.0468e+10
"575",1974,"MS",1.1281e+10
"576",1974,"MT",4.661e+09
"577",1974,"NC",3.3607e+10
"578",1974,"ND",4.506e+09
"579",1974,"NE",1.044e+10
"580",1974,"NH",4.47e+09
"581",1974,"NJ",5.2987e+10
"582",1974,"NM",7.116e+09
"583",1974,"NV",4.966e+09
"584",1974,"NY",1.45419e+11
"585",1974,"OH",7.4206e+10
"586",1974,"OK",1.6204e+10
"587",1974,"OR",1.5424e+10
"588",1974,"PA",7.8201e+10
"589",1974,"RI",5.599e+09
"590",1974,"SC",1.5312e+10
"591",1974,"SD",3.966e+09
"592",1974,"TN",2.5106e+10
"593",1974,"TX",8.5387e+10
"594",1974,"UT",7.348e+09
"595",1974,"VA",3.2428e+10
"596",1974,"VT",2.577e+09
"597",1974,"WA",2.624e+10
"598",1974,"WI",2.8694e+10
"599",1974,"WV",1.0684e+10
"600",1974,"WY",3.47e+09
"601",1975,"AK",6.22e+09
"602",1975,"AL",2.1346e+10
"603",1975,"AR",1.1942e+10
"604",1975,"AZ",1.5284e+10
"605",1975,"CA",1.78394e+11
"606",1975,"CO",2.0166e+10
"607",1975,"CT",2.3976e+10
"608",1975,"DE",5.025e+09
"609",1975,"FL",5.5288e+10
"610",1975,"GA",3.1995e+10
"611",1975,"HI",8.173e+09
"612",1975,"IA",2.1993e+10
"613",1975,"ID",5.835e+09
"614",1975,"IL",9.588e+10
"615",1975,"IN",3.7677e+10
"616",1975,"KS",1.6855e+10
"617",1975,"KY",2.281e+10
"618",1975,"LA",3.0675e+10
"619",1975,"MA",4.191e+10
"620",1975,"MD",2.9597e+10
"621",1975,"ME",5.996e+09
"622",1975,"MI",6.7046e+10
"623",1975,"MN",2.9683e+10
"624",1975,"MO",3.3001e+10
"625",1975,"MS",1.2292e+10
"626",1975,"MT",5.218e+09
"627",1975,"NC",3.5998e+10
"628",1975,"ND",4.869e+09
"629",1975,"NE",1.1875e+10
"630",1975,"NH",4.842e+09
"631",1975,"NJ",5.6052e+10
"632",1975,"NM",8.098e+09
"633",1975,"NV",5.529e+09
"634",1975,"NY",1.55256e+11
"635",1975,"OH",7.8141e+10
"636",1975,"OK",1.8163e+10
"637",1975,"OR",1.6823e+10
"638",1975,"PA",8.412e+10
"639",1975,"RI",6.002e+09
"640",1975,"SC",1.603e+10
"641",1975,"SD",4.4e+09
"642",1975,"TN",2.6645e+10
"643",1975,"TX",9.8804e+10
"644",1975,"UT",8.186e+09
"645",1975,"VA",3.5067e+10
"646",1975,"VT",2.807e+09
"647",1975,"WA",2.9282e+10
"648",1975,"WI",3.2295e+10
"649",1975,"WV",1.1973e+10
"650",1975,"WY",3.983e+09
"651",1976,"AK",7.47e+09
"652",1976,"AL",2.4324e+10
"653",1976,"AR",1.3704e+10
"654",1976,"AZ",1.697e+10
"655",1976,"CA",1.97347e+11
"656",1976,"CO",2.2253e+10
"657",1976,"CT",2.6234e+10
"658",1976,"DE",5.47e+09
"659",1976,"FL",5.8729e+10
"660",1976,"GA",3.6425e+10
"661",1976,"HI",8.526e+09
"662",1976,"IA",2.4436e+10
"663",1976,"ID",6.591e+09
"664",1976,"IL",1.04819e+11
"665",1976,"IN",4.3775e+10
"666",1976,"KS",1.8953e+10
"667",1976,"KY",2.604e+10
"668",1976,"LA",3.4413e+10
"669",1976,"MA",4.5498e+10
"670",1976,"MD",3.2612e+10
"671",1976,"ME",6.968e+09
"672",1976,"MI",7.877e+10
"673",1976,"MN",3.284e+10
"674",1976,"MO",3.7211e+10
"675",1976,"MS",1.4552e+10
"676",1976,"MT",6.032e+09
"677",1976,"NC",4.0454e+10
"678",1976,"ND",5.052e+09
"679",1976,"NE",1.3042e+10
"680",1976,"NH",5.511e+09
"681",1976,"NJ",6.0496e+10
"682",1976,"NM",9.254e+09
"683",1976,"NV",6.263e+09
"684",1976,"NY",1.63284e+11
"685",1976,"OH",8.7419e+10
"686",1976,"OK",2.0822e+10
"687",1976,"OR",1.9758e+10
"688",1976,"PA",9.0743e+10
"689",1976,"RI",6.528e+09
"690",1976,"SC",1.8177e+10
"691",1976,"SD",4.645e+09
"692",1976,"TN",3.0549e+10
"693",1976,"TX",1.13757e+11
"694",1976,"UT",9.3e+09
"695",1976,"VA",3.9574e+10
"696",1976,"VT",3.222e+09
"697",1976,"WA",3.2735e+10
"698",1976,"WI",3.7033e+10
"699",1976,"WV",1.3249e+10
"700",1976,"WY",4.722e+09
"701",1977,"AK",7.544e+09
"702",1977,"AL",2.6725e+10
"703",1977,"AR",1.5182e+10
"704",1977,"AZ",1.9609e+10
"705",1977,"CA",2.29592e+11
"706",1977,"CO",2.5428e+10
"707",1977,"CT",2.9598e+10
"708",1977,"DE",6.056e+09
"709",1977,"FL",6.5272e+10
"710",1977,"GA",4.0785e+10
"711",1977,"HI",9.441e+09
"712",1977,"IA",2.7011e+10
"713",1977,"ID",7.206e+09
"714",1977,"IL",1.15077e+11
"715",1977,"IN",4.7901e+10
"716",1977,"KS",2.0539e+10
"717",1977,"KY",2.9176e+10
"718",1977,"LA",3.967e+10
"719",1977,"MA",5.0719e+10
"720",1977,"MD",3.5555e+10
"721",1977,"ME",7.647e+09
"722",1977,"MI",8.9326e+10
"723",1977,"MN",3.683e+10
"724",1977,"MO",4.115e+10
"725",1977,"MS",1.5957e+10
"726",1977,"MT",6.35e+09
"727",1977,"NC",4.3822e+10
"728",1977,"ND",5.243e+09
"729",1977,"NE",1.3874e+10
"730",1977,"NH",6.298e+09
"731",1977,"NJ",6.5839e+10
"732",1977,"NM",1.0102e+10
"733",1977,"NV",7.416e+09
"734",1977,"NY",1.7989e+11
"735",1977,"OH",9.6995e+10
"736",1977,"OK",2.4022e+10
"737",1977,"OR",2.2047e+10
"738",1977,"PA",9.9024e+10
"739",1977,"RI",7.245e+09
"740",1977,"SC",2.0103e+10
"741",1977,"SD",5.116e+09
"742",1977,"TN",3.3598e+10
"743",1977,"TX",1.30404e+11
"744",1977,"UT",1.0381e+10
"745",1977,"VA",4.3219e+10
"746",1977,"VT",3.347e+09
"747",1977,"WA",3.6826e+10
"748",1977,"WI",4.0686e+10
"749",1977,"WV",1.4439e+10
"750",1977,"WY",5.54e+09
"751",1978,"AK",9.13e+09
"752",1978,"AL",3.0546e+10
"753",1978,"AR",1.7477e+10
"754",1978,"AZ",2.3279e+10
"755",1978,"CA",2.62803e+11
"756",1978,"CO",2.9398e+10
"757",1978,"CT",3.3231e+10
"758",1978,"DE",6.747e+09
"759",1978,"FL",7.5681e+10
"760",1978,"GA",4.6154e+10
"761",1978,"HI",1.0508e+10
"762",1978,"IA",3.0763e+10
"763",1978,"ID",8.45e+09
"764",1978,"IL",1.28122e+11
"765",1978,"IN",5.3729e+10
"766",1978,"KS",2.2824e+10
"767",1978,"KY",3.2683e+10
"768",1978,"LA",4.5212e+10
"769",1978,"MA",5.6883e+10
"770",1978,"MD",3.9526e+10
"771",1978,"ME",8.449e+09
"772",1978,"MI",9.9335e+10
"773",1978,"MN",4.1641e+10
"774",1978,"MO",4.6176e+10
"775",1978,"MS",1.7758e+10
"776",1978,"MT",7.443e+09
"777",1978,"NC",4.9867e+10
"778",1978,"ND",6.417e+09
"779",1978,"NE",1.5851e+10
"780",1978,"NH",7.389e+09
"781",1978,"NJ",7.2918e+10
"782",1978,"NM",1.1536e+10
"783",1978,"NV",8.932e+09
"784",1978,"NY",2.00063e+11
"785",1978,"OH",1.07554e+11
"786",1978,"OK",2.7105e+10
"787",1978,"OR",2.5391e+10
"788",1978,"PA",1.10054e+11
"789",1978,"RI",7.975e+09
"790",1978,"SC",2.2976e+10
"791",1978,"SD",5.971e+09
"792",1978,"TN",3.8182e+10
"793",1978,"TX",1.49091e+11
"794",1978,"UT",1.1998e+10
"795",1978,"VA",4.8379e+10
"796",1978,"VT",3.942e+09
"797",1978,"WA",4.2668e+10
"798",1978,"WI",4.5423e+10
"799",1978,"WV",1.5957e+10
"800",1978,"WY",6.689e+09
"801",1979,"AK",1.0891e+10
"802",1979,"AL",3.3712e+10
"803",1979,"AR",1.9099e+10
"804",1979,"AZ",2.7495e+10
"805",1979,"CA",2.93491e+11
"806",1979,"CO",3.3785e+10
"807",1979,"CT",3.6855e+10
"808",1979,"DE",7.304e+09
"809",1979,"FL",8.6263e+10
"810",1979,"GA",5.155e+10
"811",1979,"HI",1.1869e+10
"812",1979,"IA",3.3496e+10
"813",1979,"ID",9.286e+09
"814",1979,"IL",1.39253e+11
"815",1979,"IN",5.7917e+10
"816",1979,"KS",2.63e+10
"817",1979,"KY",3.5838e+10
"818",1979,"LA",5.1653e+10
"819",1979,"MA",6.2965e+10
"820",1979,"MD",4.3628e+10
"821",1979,"ME",9.335e+09
"822",1979,"MI",1.05413e+11
"823",1979,"MN",4.6861e+10
"824",1979,"MO",5.0601e+10
"825",1979,"MS",2.0011e+10
"826",1979,"MT",8.173e+09
"827",1979,"NC",5.4515e+10
"828",1979,"ND",7.218e+09
"829",1979,"NE",1.7423e+10
"830",1979,"NH",8.351e+09
"831",1979,"NJ",8.1051e+10
"832",1979,"NM",1.3141e+10
"833",1979,"NV",1.0295e+10
"834",1979,"NY",2.17725e+11
"835",1979,"OH",1.17117e+11
"836",1979,"OK",3.1546e+10
"837",1979,"OR",2.8372e+10
"838",1979,"PA",1.20527e+11
"839",1979,"RI",8.845e+09
"840",1979,"SC",2.5507e+10
"841",1979,"SD",6.716e+09
"842",1979,"TN",4.2194e+10
"843",1979,"TX",1.71608e+11
"844",1979,"UT",1.3709e+10
"845",1979,"VA",5.3398e+10
"846",1979,"VT",4.399e+09
"847",1979,"WA",4.8713e+10
"848",1979,"WI",5.0101e+10
"849",1979,"WV",1.7424e+10
"850",1979,"WY",8.063e+09
"851",1980,"AK",1.5282e+10
"852",1980,"AL",3.6142e+10
"853",1980,"AR",2.0276e+10
"854",1980,"AZ",3.0764e+10
"855",1980,"CA",3.27958e+11
"856",1980,"CO",3.8332e+10
"857",1980,"CT",4.077e+10
"858",1980,"DE",7.898e+09
"859",1980,"FL",9.7899e+10
"860",1980,"GA",5.6229e+10
"861",1980,"HI",1.338e+10
"862",1980,"IA",3.4582e+10
"863",1980,"ID",9.916e+09
"864",1980,"IL",1.45264e+11
"865",1980,"IN",5.887e+10
"866",1980,"KS",2.8298e+10
"867",1980,"KY",3.7017e+10
"868",1980,"LA",6.3925e+10
"869",1980,"MA",6.9684e+10
"870",1980,"MD",4.7522e+10
"871",1980,"ME",1.0263e+10
"872",1980,"MI",1.04134e+11
"873",1980,"MN",5.0219e+10
"874",1980,"MO",5.242e+10
"875",1980,"MS",2.1353e+10
"876",1980,"MT",8.925e+09
"877",1980,"NC",5.8791e+10
"878",1980,"ND",7.645e+09
"879",1980,"NE",1.8294e+10
"880",1980,"NH",9.263e+09
"881",1980,"NJ",8.8334e+10
"882",1980,"NM",1.5731e+10
"883",1980,"NV",1.1633e+10
"884",1980,"NY",2.35746e+11
"885",1980,"OH",1.21228e+11
"886",1980,"OK",3.7608e+10
"887",1980,"OR",3.0001e+10
"888",1980,"PA",1.27181e+11
"889",1980,"RI",9.626e+09
"890",1980,"SC",2.7607e+10
"891",1980,"SD",6.76e+09
"892",1980,"TN",4.4972e+10
"893",1980,"TX",2.03073e+11
"894",1980,"UT",1.5311e+10
"895",1980,"VA",5.8669e+10
"896",1980,"VT",4.856e+09
"897",1980,"WA",5.2682e+10
"898",1980,"WI",5.2899e+10
"899",1980,"WV",1.8408e+10
"900",1980,"WY",1.0428e+10
"901",1981,"AK",2.1824e+10
"902",1981,"AL",4.0257e+10
"903",1981,"AR",2.2891e+10
"904",1981,"AZ",3.4269e+10
"905",1981,"CA",3.68808e+11
"906",1981,"CO",4.3974e+10
"907",1981,"CT",4.5642e+10
"908",1981,"DE",8.839e+09
"909",1981,"FL",1.12167e+11
"910",1981,"GA",6.3751e+10
"911",1981,"HI",1.464e+10
"912",1981,"IA",3.8272e+10
"913",1981,"ID",1.0677e+10
"914",1981,"IL",1.59649e+11
"915",1981,"IN",6.4724e+10
"916",1981,"KS",3.1978e+10
"917",1981,"KY",4.1068e+10
"918",1981,"LA",7.7201e+10
"919",1981,"MA",7.7833e+10
"920",1981,"MD",5.3117e+10
"921",1981,"ME",1.1255e+10
"922",1981,"MI",1.14676e+11
"923",1981,"MN",5.5404e+10
"924",1981,"MO",5.7763e+10
"925",1981,"MS",2.4023e+10
"926",1981,"MT",1.0201e+10
"927",1981,"NC",6.5869e+10
"928",1981,"ND",9.954e+09
"929",1981,"NE",2.0863e+10
"930",1981,"NH",1.048e+10
"931",1981,"NJ",9.8755e+10
"932",1981,"NM",1.8511e+10
"933",1981,"NV",1.3203e+10
"934",1981,"NY",2.6184e+11
"935",1981,"OH",1.32782e+11
"936",1981,"OK",4.543e+10
"937",1981,"OR",3.159e+10
"938",1981,"PA",1.38573e+11
"939",1981,"RI",1.0729e+10
"940",1981,"SC",3.1048e+10
"941",1981,"SD",7.661e+09
"942",1981,"TN",5.0265e+10
"943",1981,"TX",2.45235e+11
"944",1981,"UT",1.732e+10
"945",1981,"VA",6.6179e+10
"946",1981,"VT",5.436e+09
"947",1981,"WA",5.8918e+10
"948",1981,"WI",5.7494e+10
"949",1981,"WV",1.9837e+10
"950",1981,"WY",1.2703e+10
"951",1982,"AK",2.3461e+10
"952",1982,"AL",4.1778e+10
"953",1982,"AR",2.3527e+10
"954",1982,"AZ",3.5794e+10
"955",1982,"CA",3.93788e+11
"956",1982,"CO",4.7654e+10
"957",1982,"CT",5.0196e+10
"958",1982,"DE",9.498e+09
"959",1982,"FL",1.22282e+11
"960",1982,"GA",6.8451e+10
"961",1982,"HI",1.574e+10
"962",1982,"IA",3.7289e+10
"963",1982,"ID",1.0689e+10
"964",1982,"IL",1.64267e+11
"965",1982,"IN",6.4982e+10
"966",1982,"KS",3.3491e+10
"967",1982,"KY",4.2184e+10
"968",1982,"LA",7.8067e+10
"969",1982,"MA",8.3777e+10
"970",1982,"MD",5.6339e+10
"971",1982,"ME",1.2115e+10
"972",1982,"MI",1.15166e+11
"973",1982,"MN",5.7472e+10
"974",1982,"MO",6.0699e+10
"975",1982,"MS",2.4614e+10
"976",1982,"MT",1.0206e+10
"977",1982,"NC",6.8971e+10
"978",1982,"ND",9.954e+09
"979",1982,"NE",2.1265e+10
"980",1982,"NH",1.1407e+10
"981",1982,"NJ",1.05759e+11
"982",1982,"NM",1.9242e+10
"983",1982,"NV",1.3885e+10
"984",1982,"NY",2.82227e+11
"985",1982,"OH",1.34636e+11
"986",1982,"OK",4.9317e+10
"987",1982,"OR",3.1594e+10
"988",1982,"PA",1.42077e+11
"989",1982,"RI",1.142e+10
"990",1982,"SC",3.2353e+10
"991",1982,"SD",7.709e+09
"992",1982,"TN",5.2045e+10
"993",1982,"TX",2.60085e+11
"994",1982,"UT",1.8365e+10
"995",1982,"VA",7.1465e+10
"996",1982,"VT",5.755e+09
"997",1982,"WA",6.2933e+10
"998",1982,"WI",5.9488e+10
"999",1982,"WV",2.0511e+10
"1000",1982,"WY",1.2422e+10
"1001",1983,"AK",2.2591e+10
"1002",1983,"AL",4.5679e+10
"1003",1983,"AR",2.5292e+10
"1004",1983,"AZ",3.9774e+10
"1005",1983,"CA",4.26143e+11
"1006",1983,"CO",5.0718e+10
"1007",1983,"CT",5.5528e+10
"1008",1983,"DE",1.0611e+10
"1009",1983,"FL",1.36768e+11
"1010",1983,"GA",7.6738e+10
"1011",1983,"HI",1.726e+10
"1012",1983,"IA",3.7481e+10
"1013",1983,"ID",1.1834e+10
"1014",1983,"IL",1.73119e+11
"1015",1983,"IN",6.9335e+10
"1016",1983,"KS",3.5257e+10
"1017",1983,"KY",4.4092e+10
"1018",1983,"LA",7.6881e+10
"1019",1983,"MA",9.3054e+10
"1020",1983,"MD",6.2205e+10
"1021",1983,"ME",1.3239e+10
"1022",1983,"MI",1.27754e+11
"1023",1983,"MN",6.195e+10
"1024",1983,"MO",6.5538e+10
"1025",1983,"MS",2.5967e+10
"1026",1983,"MT",1.0584e+10
"1027",1983,"NC",7.7543e+10
"1028",1983,"ND",1.0045e+10
"1029",1983,"NE",2.182e+10
"1030",1983,"NH",1.2629e+10
"1031",1983,"NJ",1.17962e+11
"1032",1983,"NM",1.9882e+10
"1033",1983,"NV",1.506e+10
"1034",1983,"NY",3.05288e+11
"1035",1983,"OH",1.44897e+11
"1036",1983,"OK",4.7701e+10
"1037",1983,"OR",3.3727e+10
"1038",1983,"PA",1.52042e+11
"1039",1983,"RI",1.2323e+10
"1040",1983,"SC",3.585e+10
"1041",1983,"SD",8.123e+09
"1042",1983,"TN",5.7073e+10
"1043",1983,"TX",2.64883e+11
"1044",1983,"UT",1.9752e+10
"1045",1983,"VA",7.9439e+10
"1046",1983,"VT",6.269e+09
"1047",1983,"WA",6.7949e+10
"1048",1983,"WI",6.317e+10
"1049",1983,"WV",2.0403e+10
"1050",1983,"WY",1.1578e+10
"1051",1984,"AK",2.3787e+10
"1052",1984,"AL",5.001e+10
"1053",1984,"AR",2.8465e+10
"1054",1984,"AZ",4.6135e+10
"1055",1984,"CA",4.82166e+11
"1056",1984,"CO",5.623e+10
"1057",1984,"CT",6.3618e+10
"1058",1984,"DE",1.1925e+10
"1059",1984,"FL",1.55993e+11
"1060",1984,"GA",8.8466e+10
"1061",1984,"HI",1.9132e+10
"1062",1984,"IA",4.1264e+10
"1063",1984,"ID",1.2586e+10
"1064",1984,"IL",1.94244e+11
"1065",1984,"IN",7.8859e+10
"1066",1984,"KS",3.8442e+10
"1067",1984,"KY",4.9344e+10
"1068",1984,"LA",8.2623e+10
"1069",1984,"MA",1.06425e+11
"1070",1984,"MD",6.992e+10
"1071",1984,"ME",1.4897e+10
"1072",1984,"MI",1.43678e+11
"1073",1984,"MN",7.1369e+10
"1074",1984,"MO",7.4539e+10
"1075",1984,"MS",2.8744e+10
"1076",1984,"MT",1.101e+10
"1077",1984,"NC",8.8151e+10
"1078",1984,"ND",1.0642e+10
"1079",1984,"NE",2.4631e+10
"1080",1984,"NH",1.4767e+10
"1081",1984,"NJ",1.33572e+11
"1082",1984,"NM",2.1397e+10
"1083",1984,"NV",1.6514e+10
"1084",1984,"NY",3.39427e+11
"1085",1984,"OH",1.63854e+11
"1086",1984,"OK",5.1291e+10
"1087",1984,"OR",3.7444e+10
"1088",1984,"PA",1.6739e+11
"1089",1984,"RI",1.3801e+10
"1090",1984,"SC",4.1203e+10
"1091",1984,"SD",9.194e+09
"1092",1984,"TN",6.3983e+10
"1093",1984,"TX",2.88637e+11
"1094",1984,"UT",2.2147e+10
"1095",1984,"VA",8.9768e+10
"1096",1984,"VT",6.895e+09
"1097",1984,"WA",7.417e+10
"1098",1984,"WI",7.0013e+10
"1099",1984,"WV",2.2172e+10
"1100",1984,"WY",1.2152e+10
"1101",1985,"AK",2.6142e+10
"1102",1985,"AL",5.3824e+10
"1103",1985,"AR",2.9326e+10
"1104",1985,"AZ",5.0709e+10
"1105",1985,"CA",5.23906e+11
"1106",1985,"CO",5.9641e+10
"1107",1985,"CT",6.9231e+10
"1108",1985,"DE",1.3092e+10
"1109",1985,"FL",1.70894e+11
"1110",1985,"GA",9.8223e+10
"1111",1985,"HI",2.0722e+10
"1112",1985,"IA",4.2431e+10
"1113",1985,"ID",1.3044e+10
"1114",1985,"IL",2.06281e+11
"1115",1985,"IN",8.2011e+10
"1116",1985,"KS",4.0658e+10
"1117",1985,"KY",5.1893e+10
"1118",1985,"LA",8.4391e+10
"1119",1985,"MA",1.16613e+11
"1120",1985,"MD",7.6878e+10
"1121",1985,"ME",1.6046e+10
"1122",1985,"MI",1.53605e+11
"1123",1985,"MN",7.5832e+10
"1124",1985,"MO",7.7912e+10
"1125",1985,"MS",3.0138e+10
"1126",1985,"MT",1.0941e+10
"1127",1985,"NC",9.6535e+10
"1128",1985,"ND",1.0655e+10
"1129",1985,"NE",2.5717e+10
"1130",1985,"NH",1.6578e+10
"1131",1985,"NJ",1.45929e+11
"1132",1985,"NM",2.2534e+10
"1133",1985,"NV",1.7945e+10
"1134",1985,"NY",3.64281e+11
"1135",1985,"OH",1.74165e+11
"1136",1985,"OK",5.2765e+10
"1137",1985,"OR",3.9446e+10
"1138",1985,"PA",1.76873e+11
"1139",1985,"RI",1.5222e+10
"1140",1985,"SC",4.3988e+10
"1141",1985,"SD",9.588e+09
"1142",1985,"TN",6.8426e+10
"1143",1985,"TX",3.07224e+11
"1144",1985,"UT",2.4083e+10
"1145",1985,"VA",9.7967e+10
"1146",1985,"VT",7.524e+09
"1147",1985,"WA",7.7341e+10
"1148",1985,"WI",7.382e+10
"1149",1985,"WV",2.2936e+10
"1150",1985,"WY",1.2205e+10
"1151",1986,"AK",1.9181e+10
"1152",1986,"AL",5.6134e+10
"1153",1986,"AR",3.0799e+10
"1154",1986,"AZ",5.5881e+10
"1155",1986,"CA",5.63082e+11
"1156",1986,"CO",6.097e+10
"1157",1986,"CT",7.5305e+10
"1158",1986,"DE",1.4138e+10
"1159",1986,"FL",1.85852e+11
"1160",1986,"GA",1.08089e+11
"1161",1986,"HI",2.2437e+10
"1162",1986,"IA",4.3226e+10
"1163",1986,"ID",1.322e+10
"1164",1986,"IL",2.18696e+11
"1165",1986,"IN",8.6437e+10
"1166",1986,"KS",4.1795e+10
"1167",1986,"KY",5.3199e+10
"1168",1986,"LA",7.7107e+10
"1169",1986,"MA",1.27155e+11
"1170",1986,"MD",8.3744e+10
"1171",1986,"ME",1.7382e+10
"1172",1986,"MI",1.63458e+11
"1173",1986,"MN",7.945e+10
"1174",1986,"MO",8.333e+10
"1175",1986,"MS",3.0996e+10
"1176",1986,"MT",1.0979e+10
"1177",1986,"NC",1.04785e+11
"1178",1986,"ND",9.773e+09
"1179",1986,"NE",2.6045e+10
"1180",1986,"NH",1.8369e+10
"1181",1986,"NJ",1.58836e+11
"1182",1986,"NM",2.1807e+10
"1183",1986,"NV",1.9731e+10
"1184",1986,"NY",3.90104e+11
"1185",1986,"OH",1.82644e+11
"1186",1986,"OK",4.8997e+10
"1187",1986,"OR",4.173e+10
"1188",1986,"PA",1.87386e+11
"1189",1986,"RI",1.6622e+10
"1190",1986,"SC",4.7748e+10
"1191",1986,"SD",1.0067e+10
"1192",1986,"TN",7.3288e+10
"1193",1986,"TX",2.95721e+11
"1194",1986,"UT",2.4282e+10
"1195",1986,"VA",1.07348e+11
"1196",1986,"VT",8.169e+09
"1197",1986,"WA",8.4015e+10
"1198",1986,"WI",7.7824e+10
"1199",1986,"WV",2.288e+10
"1200",1986,"WY",1.0522e+10
"1201",1987,"AK",2.2925e+10
"1202",1987,"AL",6.0752e+10
"1203",1987,"AR",3.2664e+10
"1204",1987,"AZ",6.0047e+10
"1205",1987,"CA",6.15359e+11
"1206",1987,"CO",6.392e+10
"1207",1987,"CT",8.2984e+10
"1208",1987,"DE",1.5568e+10
"1209",1987,"FL",2.04816e+11
"1210",1987,"GA",1.17033e+11
"1211",1987,"HI",2.4273e+10
"1212",1987,"IA",4.5283e+10
"1213",1987,"ID",1.3996e+10
"1214",1987,"IL",2.3121e+11
"1215",1987,"IN",9.165e+10
"1216",1987,"KS",4.4164e+10
"1217",1987,"KY",5.6282e+10
"1218",1987,"LA",7.8488e+10
"1219",1987,"MA",1.389e+11
"1220",1987,"MD",9.138e+10
"1221",1987,"ME",1.9166e+10
"1222",1987,"MI",1.69237e+11
"1223",1987,"MN",8.5365e+10
"1224",1987,"MO",8.8912e+10
"1225",1987,"MS",3.3531e+10
"1226",1987,"MT",1.1383e+10
"1227",1987,"NC",1.13262e+11
"1228",1987,"ND",1.0306e+10
"1229",1987,"NE",2.676e+10
"1230",1987,"NH",2.0994e+10
"1231",1987,"NJ",1.74629e+11
"1232",1987,"NM",2.2429e+10
"1233",1987,"NV",2.1951e+10
"1234",1987,"NY",4.18306e+11
"1235",1987,"OH",1.91784e+11
"1236",1987,"OK",4.9055e+10
"1237",1987,"OR",4.4594e+10
"1238",1987,"PA",2.0291e+11
"1239",1987,"RI",1.7891e+10
"1240",1987,"SC",5.2688e+10
"1241",1987,"SD",1.0669e+10
"1242",1987,"TN",8.0715e+10
"1243",1987,"TX",3.00667e+11
"1244",1987,"UT",2.51e+10
"1245",1987,"VA",1.17603e+11
"1246",1987,"VT",9.157e+09
"1247",1987,"WA",9.0325e+10
"1248",1987,"WI",8.2013e+10
"1249",1987,"WV",2.3425e+10
"1250",1987,"WY",1.037e+10
"1251",1988,"AK",2.127e+10
"1252",1988,"AL",6.6008e+10
"1253",1988,"AR",3.5004e+10
"1254",1988,"AZ",6.4945e+10
"1255",1988,"CA",6.71575e+11
"1256",1988,"CO",6.7757e+10
"1257",1988,"CT",9.0707e+10
"1258",1988,"DE",1.6887e+10
"1259",1988,"FL",2.24848e+11
"1260",1988,"GA",1.26565e+11
"1261",1988,"HI",2.6799e+10
"1262",1988,"IA",4.9088e+10
"1263",1988,"ID",1.5285e+10
"1264",1988,"IL",2.52197e+11
"1265",1988,"IN",9.9492e+10
"1266",1988,"KS",4.6698e+10
"1267",1988,"KY",6.1851e+10
"1268",1988,"LA",8.3196e+10
"1269",1988,"MA",1.51625e+11
"1270",1988,"MD",1.0128e+11
"1271",1988,"ME",2.1371e+10
"1272",1988,"MI",1.80621e+11
"1273",1988,"MN",9.1896e+10
"1274",1988,"MO",9.576e+10
"1275",1988,"MS",3.5534e+10
"1276",1988,"MT",1.1703e+10
"1277",1988,"NC",1.24303e+11
"1278",1988,"ND",9.748e+09
"1279",1988,"NE",2.9262e+10
"1280",1988,"NH",2.2937e+10
"1281",1988,"NJ",1.94709e+11
"1282",1988,"NM",2.3457e+10
"1283",1988,"NV",2.4987e+10
"1284",1988,"NY",4.56557e+11
"1285",1988,"OH",2.05308e+11
"1286",1988,"OK",5.2667e+10
"1287",1988,"OR",4.9138e+10
"1288",1988,"PA",2.20582e+11
"1289",1988,"RI",1.9738e+10
"1290",1988,"SC",5.7329e+10
"1291",1988,"SD",1.1173e+10
"1292",1988,"TN",8.7356e+10
"1293",1988,"TX",3.27354e+11
"1294",1988,"UT",2.7325e+10
"1295",1988,"VA",1.28088e+11
"1296",1988,"VT",1.0259e+10
"1297",1988,"WA",9.9051e+10
"1298",1988,"WI",8.962e+10
"1299",1988,"WV",2.5876e+10
"1300",1988,"WY",1.0991e+10
"1301",1989,"AK",2.3453e+10
"1302",1989,"AL",6.8394e+10
"1303",1989,"AR",3.7128e+10
"1304",1989,"AZ",6.7895e+10
"1305",1989,"CA",7.22979e+11
"1306",1989,"CO",7.1179e+10
"1307",1989,"CT",9.5831e+10
"1308",1989,"DE",1.89e+10
"1309",1989,"FL",2.41633e+11
"1310",1989,"GA",1.33794e+11
"1311",1989,"HI",2.9427e+10
"1312",1989,"IA",5.2907e+10
"1313",1989,"ID",1.6909e+10
"1314",1989,"IL",2.66608e+11
"1315",1989,"IN",1.07199e+11
"1316",1989,"KS",4.8814e+10
"1317",1989,"KY",6.5525e+10
"1318",1989,"LA",8.7574e+10
"1319",1989,"MA",1.582e+11
"1320",1989,"MD",1.07444e+11
"1321",1989,"ME",2.267e+10
"1322",1989,"MI",1.90626e+11
"1323",1989,"MN",9.8313e+10
"1324",1989,"MO",1.01412e+11
"1325",1989,"MS",3.7208e+10
"1326",1989,"MT",1.263e+10
"1327",1989,"NC",1.33866e+11
"1328",1989,"ND",1.0729e+10
"1329",1989,"NE",3.1332e+10
"1330",1989,"NH",2.3777e+10
"1331",1989,"NJ",2.05075e+11
"1332",1989,"NM",2.4927e+10
"1333",1989,"NV",2.7847e+10
"1334",1989,"NY",4.73252e+11
"1335",1989,"OH",2.17817e+11
"1336",1989,"OK",5.5007e+10
"1337",1989,"OR",5.261e+10
"1338",1989,"PA",2.33162e+11
"1339",1989,"RI",2.1059e+10
"1340",1989,"SC",6.1347e+10
"1341",1989,"SD",1.179e+10
"1342",1989,"TN",9.1579e+10
"1343",1989,"TX",3.49952e+11
"1344",1989,"UT",2.8668e+10
"1345",1989,"VA",1.37661e+11
"1346",1989,"VT",1.112e+10
"1347",1989,"WA",1.08064e+11
"1348",1989,"WI",9.5216e+10
"1349",1989,"WV",2.6663e+10
"1350",1989,"WY",1.1437e+10
"1351",1990,"AK",2.504e+10
"1352",1990,"AL",7.161e+10
"1353",1990,"AR",3.868e+10
"1354",1990,"AZ",7.0632e+10
"1355",1990,"CA",7.7346e+11
"1356",1990,"CO",7.5571e+10
"1357",1990,"CT",1.00169e+11
"1358",1990,"DE",1.9928e+10
"1359",1990,"FL",2.56589e+11
"1360",1990,"GA",1.40646e+11
"1361",1990,"HI",3.2534e+10
"1362",1990,"IA",5.6121e+10
"1363",1990,"ID",1.8004e+10
"1364",1990,"IL",2.79019e+11
"1365",1990,"IN",1.1086e+11
"1366",1990,"KS",5.1874e+10
"1367",1990,"KY",6.8412e+10
"1368",1990,"LA",9.5177e+10
"1369",1990,"MA",1.59505e+11
"1370",1990,"MD",1.12835e+11
"1371",1990,"ME",2.3256e+10
"1372",1990,"MI",1.93103e+11
"1373",1990,"MN",1.02757e+11
"1374",1990,"MO",1.03566e+11
"1375",1990,"MS",3.8757e+10
"1376",1990,"MT",1.3242e+10
"1377",1990,"NC",1.39658e+11
"1378",1990,"ND",1.1509e+10
"1379",1990,"NE",3.3734e+10
"1380",1990,"NH",2.3768e+10
"1381",1990,"NJ",2.14357e+11
"1382",1990,"NM",2.66e+10
"1383",1990,"NV",3.098e+10
"1384",1990,"NY",4.93192e+11
"1385",1990,"OH",2.27413e+11
"1386",1990,"OK",5.7805e+10
"1387",1990,"OR",5.6566e+10
"1388",1990,"PA",2.45281e+11
"1389",1990,"RI",2.1664e+10
"1390",1990,"SC",6.5157e+10
"1391",1990,"SD",1.277e+10
"1392",1990,"TN",9.4087e+10
"1393",1990,"TX",3.78943e+11
"1394",1990,"UT",3.1249e+10
"1395",1990,"VA",1.44971e+11
"1396",1990,"VT",1.1674e+10
"1397",1990,"WA",1.1864e+11
"1398",1990,"WI",1.00236e+11
"1399",1990,"WV",2.7754e+10
"1400",1990,"WY",1.2705e+10
"1401",1991,"AK",2.2283e+10
"1402",1991,"AL",7.6043e+10
"1403",1991,"AR",4.1572e+10
"1404",1991,"AZ",7.3358e+10
"1405",1991,"CA",7.90046e+11
"1406",1991,"CO",7.9766e+10
"1407",1991,"CT",1.01475e+11
"1408",1991,"DE",2.1746e+10
"1409",1991,"FL",2.67669e+11
"1410",1991,"GA",1.4776e+11
"1411",1991,"HI",3.4357e+10
"1412",1991,"IA",5.7944e+10
"1413",1991,"ID",1.8852e+10
"1414",1991,"IL",2.88473e+11
"1415",1991,"IN",1.14637e+11
"1416",1991,"KS",5.3981e+10
"1417",1991,"KY",7.1679e+10
"1418",1991,"LA",9.6043e+10
"1419",1991,"MA",1.60728e+11
"1420",1991,"MD",1.15428e+11
"1421",1991,"ME",2.3379e+10
"1422",1991,"MI",1.97717e+11
"1423",1991,"MN",1.06102e+11
"1424",1991,"MO",1.09162e+11
"1425",1991,"MS",4.0862e+10
"1426",1991,"MT",1.3875e+10
"1427",1991,"NC",1.46367e+11
"1428",1991,"ND",1.1691e+10
"1429",1991,"NE",3.5613e+10
"1430",1991,"NH",2.4763e+10
"1431",1991,"NJ",2.21915e+11
"1432",1991,"NM",3.0295e+10
"1433",1991,"NV",3.2786e+10
"1434",1991,"NY",4.97336e+11
"1435",1991,"OH",2.33975e+11
"1436",1991,"OK",5.9632e+10
"1437",1991,"OR",5.9441e+10
"1438",1991,"PA",2.55163e+11
"1439",1991,"RI",2.1738e+10
"1440",1991,"SC",6.8e+10
"1441",1991,"SD",1.3736e+10
"1442",1991,"TN",1.01208e+11
"1443",1991,"TX",3.93574e+11
"1444",1991,"UT",3.3501e+10
"1445",1991,"VA",1.51093e+11
"1446",1991,"VT",1.1733e+10
"1447",1991,"WA",1.25895e+11
"1448",1991,"WI",1.04774e+11
"1449",1991,"WV",2.9092e+10
"1450",1991,"WY",1.2977e+10
"1451",1992,"AK",2.2753e+10
"1452",1992,"AL",8.126e+10
"1453",1992,"AR",4.5018e+10
"1454",1992,"AZ",8.2682e+10
"1455",1992,"CA",8.07358e+11
"1456",1992,"CO",8.7302e+10
"1457",1992,"CT",1.05759e+11
"1458",1992,"DE",2.2907e+10
"1459",1992,"FL",2.84673e+11
"1460",1992,"GA",1.60062e+11
"1461",1992,"HI",3.6129e+10
"1462",1992,"IA",6.187e+10
"1463",1992,"ID",2.0632e+10
"1464",1992,"IL",3.06236e+11
"1465",1992,"IN",1.24714e+11
"1466",1992,"KS",5.6902e+10
"1467",1992,"KY",7.7531e+10
"1468",1992,"LA",9.089e+10
"1469",1992,"MA",1.67435e+11
"1470",1992,"MD",1.19535e+11
"1471",1992,"ME",2.4329e+10
"1472",1992,"MI",2.12057e+11
"1473",1992,"MN",1.14518e+11
"1474",1992,"MO",1.15288e+11
"1475",1992,"MS",4.4012e+10
"1476",1992,"MT",1.4937e+10
"1477",1992,"NC",1.59337e+11
"1478",1992,"ND",1.2896e+10
"1479",1992,"NE",3.8214e+10
"1480",1992,"NH",2.6332e+10
"1481",1992,"NJ",2.30774e+11
"1482",1992,"NM",3.2638e+10
"1483",1992,"NV",3.6052e+10
"1484",1992,"NY",5.19704e+11
"1485",1992,"OH",2.5065e+11
"1486",1992,"OK",6.2209e+10
"1487",1992,"OR",6.3392e+10
"1488",1992,"PA",2.69849e+11
"1489",1992,"RI",2.2665e+10
"1490",1992,"SC",7.1848e+10
"1491",1992,"SD",1.4886e+10
"1492",1992,"TN",1.1166e+11
"1493",1992,"TX",4.16401e+11
"1494",1992,"UT",3.5602e+10
"1495",1992,"VA",1.5899e+11
"1496",1992,"VT",1.2538e+10
"1497",1992,"WA",1.34469e+11
"1498",1992,"WI",1.12972e+11
"1499",1992,"WV",3.041e+10
"1500",1992,"WY",1.3179e+10
"1501",1993,"AK",2.3284e+10
"1502",1993,"AL",8.4563e+10
"1503",1993,"AR",4.7566e+10
"1504",1993,"AZ",8.93e+10
"1505",1993,"CA",8.26447e+11
"1506",1993,"CO",9.5659e+10
"1507",1993,"CT",1.0768e+11
"1508",1993,"DE",2.3509e+10
"1509",1993,"FL",3.04403e+11
"1510",1993,"GA",1.71659e+11
"1511",1993,"HI",3.6732e+10
"1512",1993,"IA",6.3386e+10
"1513",1993,"ID",2.31e+10
"1514",1993,"IL",3.20079e+11
"1515",1993,"IN",1.32108e+11
"1516",1993,"KS",5.8953e+10
"1517",1993,"KY",8.1618e+10
"1518",1993,"LA",9.5866e+10
"1519",1993,"MA",1.73527e+11
"1520",1993,"MD",1.25515e+11
"1521",1993,"ME",2.5202e+10
"1522",1993,"MI",2.26368e+11
"1523",1993,"MN",1.17947e+11
"1524",1993,"MO",1.18906e+11
"1525",1993,"MS",4.734e+10
"1526",1993,"MT",1.6054e+10
"1527",1993,"NC",1.68006e+11
"1528",1993,"ND",1.3049e+10
"1529",1993,"NE",3.9353e+10
"1530",1993,"NH",2.7362e+10
"1531",1993,"NJ",2.40389e+11
"1532",1993,"NM",3.6876e+10
"1533",1993,"NV",4.0039e+10
"1534",1993,"NY",5.37504e+11
"1535",1993,"OH",2.59612e+11
"1536",1993,"OK",6.5552e+10
"1537",1993,"OR",6.9409e+10
"1538",1993,"PA",2.81704e+11
"1539",1993,"RI",2.3566e+10
"1540",1993,"SC",7.6158e+10
"1541",1993,"SD",1.6105e+10
"1542",1993,"TN",1.19568e+11
"1543",1993,"TX",4.43775e+11
"1544",1993,"UT",3.8631e+10
"1545",1993,"VA",1.67688e+11
"1546",1993,"VT",1.3027e+10
"1547",1993,"WA",1.425e+11
"1548",1993,"WI",1.20024e+11
"1549",1993,"WV",3.1881e+10
"1550",1993,"WY",1.3791e+10
"1551",1994,"AK",2.3605e+10
"1552",1994,"AL",9.0098e+10
"1553",1994,"AR",5.1416e+10
"1554",1994,"AZ",1.00374e+11
"1555",1994,"CA",8.6136e+11
"1556",1994,"CO",1.04507e+11
"1557",1994,"CT",1.13115e+11
"1558",1994,"DE",2.5638e+10
"1559",1994,"FL",3.27167e+11
"1560",1994,"GA",1.87996e+11
"1561",1994,"HI",3.7395e+10
"1562",1994,"IA",7.0161e+10
"1563",1994,"ID",2.5455e+10
"1564",1994,"IL",3.47971e+11
"1565",1994,"IN",1.43335e+11
"1566",1994,"KS",6.3304e+10
"1567",1994,"KY",8.7646e+10
"1568",1994,"LA",1.05119e+11
"1569",1994,"MA",1.8571e+11
"1570",1994,"MD",1.33311e+11
"1571",1994,"ME",2.6543e+10
"1572",1994,"MI",2.51484e+11
"1573",1994,"MN",1.28167e+11
"1574",1994,"MO",1.30567e+11
"1575",1994,"MS",5.1602e+10
"1576",1994,"MT",1.7062e+10
"1577",1994,"NC",1.81288e+11
"1578",1994,"ND",1.4304e+10
"1579",1994,"NE",4.3504e+10
"1580",1994,"NH",2.919e+10
"1581",1994,"NJ",2.51573e+11
"1582",1994,"NM",4.1685e+10
"1583",1994,"NV",4.5173e+10
"1584",1994,"NY",5.55322e+11
"1585",1994,"OH",2.81925e+11
"1586",1994,"OK",6.8251e+10
"1587",1994,"OR",7.5393e+10
"1588",1994,"PA",2.96602e+11
"1589",1994,"RI",2.4354e+10
"1590",1994,"SC",8.2062e+10
"1591",1994,"SD",1.733e+10
"1592",1994,"TN",1.29895e+11
"1593",1994,"TX",4.7599e+11
"1594",1994,"UT",4.2591e+10
"1595",1994,"VA",1.77057e+11
"1596",1994,"VT",1.3689e+10
"1597",1994,"WA",1.50805e+11
"1598",1994,"WI",1.29437e+11
"1599",1994,"WV",3.4592e+10
"1600",1994,"WY",1.407e+10
"1601",1995,"AK",2.5449e+10
"1602",1995,"AL",9.5819e+10
"1603",1995,"AR",5.4612e+10
"1604",1995,"AZ",1.09906e+11
"1605",1995,"CA",9.11577e+11
"1606",1995,"CO",1.12708e+11
"1607",1995,"CT",1.23212e+11
"1608",1995,"DE",2.7721e+10
"1609",1995,"FL",3.46951e+11
"1610",1995,"GA",2.03397e+11
"1611",1995,"HI",3.7763e+10
"1612",1995,"IA",7.3137e+10
"1613",1995,"ID",2.7762e+10
"1614",1995,"IL",3.64451e+11
"1615",1995,"IN",1.50404e+11
"1616",1995,"KS",6.5282e+10
"1617",1995,"KY",9.1915e+10
"1618",1995,"LA",1.12876e+11
"1619",1995,"MA",1.96409e+11
"1620",1995,"MD",1.3907e+11
"1621",1995,"ME",2.8153e+10
"1622",1995,"MI",2.56615e+11
"1623",1995,"MN",1.35124e+11
"1624",1995,"MO",1.4006e+11
"1625",1995,"MS",5.4984e+10
"1626",1995,"MT",1.7519e+10
"1627",1995,"NC",1.93467e+11
"1628",1995,"ND",1.4842e+10
"1629",1995,"NE",4.5111e+10
"1630",1995,"NH",3.1876e+10
"1631",1995,"NJ",2.63468e+11
"1632",1995,"NM",4.2146e+10
"1633",1995,"NV",4.9249e+10
"1634",1995,"NY",5.82656e+11
"1635",1995,"OH",2.97538e+11
"1636",1995,"OK",7.0859e+10
"1637",1995,"OR",8.1554e+10
"1638",1995,"PA",3.12989e+11
"1639",1995,"RI",2.555e+10
"1640",1995,"SC",8.7248e+10
"1641",1995,"SD",1.8054e+10
"1642",1995,"TN",1.37061e+11
"1643",1995,"TX",5.07725e+11
"1644",1995,"UT",4.6746e+10
"1645",1995,"VA",1.86236e+11
"1646",1995,"VT",1.3891e+10
"1647",1995,"WA",1.55069e+11
"1648",1995,"WI",1.35311e+11
"1649",1995,"WV",3.6149e+10
"1650",1995,"WY",1.4608e+10
"1651",1996,"AK",2.6737e+10
"1652",1996,"AL",1.00146e+11
"1653",1996,"AR",5.7976e+10
"1654",1996,"AZ",1.1953e+11
"1655",1996,"CA",9.64186e+11
"1656",1996,"CO",1.21081e+11
"1657",1996,"CT",1.29111e+11
"1658",1996,"DE",2.9156e+10
"1659",1996,"FL",3.70912e+11
"1660",1996,"GA",2.19989e+11
"1661",1996,"HI",3.8125e+10
"1662",1996,"IA",7.8819e+10
"1663",1996,"ID",2.8915e+10
"1664",1996,"IL",3.83504e+11
"1665",1996,"IN",1.5835e+11
"1666",1996,"KS",6.9616e+10
"1667",1996,"KY",9.6617e+10
"1668",1996,"LA",1.18807e+11
"1669",1996,"MA",2.1063e+11
"1670",1996,"MD",1.45023e+11
"1671",1996,"ME",2.9256e+10
"1672",1996,"MI",2.7032e+11
"1673",1996,"MN",1.4588e+11
"1674",1996,"MO",1.48257e+11
"1675",1996,"MS",5.746e+10
"1676",1996,"MT",1.8119e+10
"1677",1996,"NC",2.03815e+11
"1678",1996,"ND",1.6491e+10
"1679",1996,"NE",4.9007e+10
"1680",1996,"NH",3.4561e+10
"1681",1996,"NJ",2.78191e+11
"1682",1996,"NM",4.4532e+10
"1683",1996,"NV",5.4419e+10
"1684",1996,"NY",6.20153e+11
"1685",1996,"OH",3.1112e+11
"1686",1996,"OK",7.6316e+10
"1687",1996,"OR",9.3306e+10
"1688",1996,"PA",3.25001e+11
"1689",1996,"RI",2.6454e+10
"1690",1996,"SC",9.0755e+10
"1691",1996,"SD",1.9419e+10
"1692",1996,"TN",1.43163e+11
"1693",1996,"TX",5.51513e+11
"1694",1996,"UT",5.2016e+10
"1695",1996,"VA",1.97756e+11
"1696",1996,"VT",1.4672e+10
"1697",1996,"WA",1.6654e+11
"1698",1996,"WI",1.43444e+11
"1699",1996,"WV",3.7224e+10
"1700",1996,"WY",1.5752e+10
"1701",1997,"AK",2.58e+10
"1702",1997,"AL",1.04717e+11
"1703",1997,"AR",5.9827e+10
"1704",1997,"AZ",1.32291e+11
"1705",1997,"CA",1.071327e+12
"1706",1997,"CO",1.36917e+11
"1707",1997,"CT",1.38548e+11
"1708",1997,"DE",3.34e+10
"1709",1997,"FL",4.01689e+11
"1710",1997,"GA",2.42682e+11
"1711",1997,"HI",3.7701e+10
"1712",1997,"IA",8.2731e+10
"1713",1997,"ID",2.9524e+10
"1714",1997,"IL",4.15772e+11
"1715",1997,"IN",1.70481e+11
"1716",1997,"KS",7.467e+10
"1717",1997,"KY",1.04538e+11
"1718",1997,"LA",1.16426e+11
"1719",1997,"MA",2.37051e+11
"1720",1997,"MD",1.59331e+11
"1721",1997,"ME",3.0624e+10
"1722",1997,"MI",2.99693e+11
"1723",1997,"MN",1.56283e+11
"1724",1997,"MO",1.63004e+11
"1725",1997,"MS",5.8383e+10
"1726",1997,"MT",1.9323e+10
"1727",1997,"NC",2.3401e+11
"1728",1997,"ND",1.5768e+10
"1729",1997,"NE",4.9946e+10
"1730",1997,"NH",3.8212e+10
"1731",1997,"NJ",3.07689e+11
"1732",1997,"NM",5.2503e+10
"1733",1997,"NV",6.0221e+10
"1734",1997,"NY",7.18804e+11
"1735",1997,"OH",3.43085e+11
"1736",1997,"OK",7.9044e+10
"1737",1997,"OR",1.00928e+11
"1738",1997,"PA",3.5672e+11
"1739",1997,"RI",2.8923e+10
"1740",1997,"SC",9.7423e+10
"1741",1997,"SD",1.9036e+10
"1742",1997,"TN",1.54367e+11
"1743",1997,"TX",6.10141e+11
"1744",1997,"UT",5.7686e+10
"1745",1997,"VA",2.15126e+11
"1746",1997,"VT",1.5452e+10
"1747",1997,"WA",1.9377e+11
"1748",1997,"WI",1.53425e+11
"1749",1997,"WV",3.8808e+10
"1750",1997,"WY",1.4709e+10
"1751",1998,"AK",2.4228e+10
"1752",1998,"AL",1.10181e+11
"1753",1998,"AR",6.2398e+10
"1754",1998,"AZ",1.43286e+11
"1755",1998,"CA",1.147944e+12
"1756",1998,"CO",1.50364e+11
"1757",1998,"CT",1.45433e+11
"1758",1998,"DE",3.7065e+10
"1759",1998,"FL",4.29188e+11
"1760",1998,"GA",2.65322e+11
"1761",1998,"HI",3.7622e+10
"1762",1998,"IA",8.4677e+10
"1763",1998,"ID",3.1099e+10
"1764",1998,"IL",4.36649e+11
"1765",1998,"IN",1.84395e+11
"1766",1998,"KS",7.8385e+10
"1767",1998,"KY",1.09396e+11
"1768",1998,"LA",1.20338e+11
"1769",1998,"MA",2.49236e+11
"1770",1998,"MD",1.69965e+11
"1771",1998,"ME",3.2159e+10
"1772",1998,"MI",3.12668e+11
"1773",1998,"MN",1.66874e+11
"1774",1998,"MO",1.69505e+11
"1775",1998,"MS",6.0962e+10
"1776",1998,"MT",2.045e+10
"1777",1998,"NC",2.46929e+11
"1778",1998,"ND",1.6826e+10
"1779",1998,"NE",5.1917e+10
"1780",1998,"NH",4.0567e+10
"1781",1998,"NJ",3.1968e+11
"1782",1998,"NM",5.0675e+10
"1783",1998,"NV",6.5105e+10
"1784",1998,"NY",7.44716e+11
"1785",1998,"OH",3.61512e+11
"1786",1998,"OK",8.1208e+10
"1787",1998,"OR",1.05143e+11
"1788",1998,"PA",3.73708e+11
"1789",1998,"RI",3.0821e+10
"1790",1998,"SC",1.03467e+11
"1791",1998,"SD",2.0217e+10
"1792",1998,"TN",1.6744e+11
"1793",1998,"TX",6.4529e+11
"1794",1998,"UT",6.2289e+10
"1795",1998,"VA",2.31505e+11
"1796",1998,"VT",1.608e+10
"1797",1998,"WA",2.0971e+11
"1798",1998,"WI",1.62617e+11
"1799",1998,"WV",4.0054e+10
"1800",1998,"WY",1.4884e+10
"1801",1999,"AK",2.4779e+10
"1802",1999,"AL",1.15833e+11
"1803",1999,"AR",6.6791e+10
"1804",1999,"AZ",1.55283e+11
"1805",1999,"CA",1.247734e+12
"1806",1999,"CO",1.64132e+11
"1807",1999,"CT",1.52354e+11
"1808",1999,"DE",4.0427e+10
"1809",1999,"FL",4.56798e+11
"1810",1999,"GA",2.89447e+11
"1811",1999,"HI",3.9247e+10
"1812",1999,"IA",8.7796e+10
"1813",1999,"ID",3.4252e+10
"1814",1999,"IL",4.60242e+11
"1815",1999,"IN",1.92766e+11
"1816",1999,"KS",8.167e+10
"1817",1999,"KY",1.14994e+11
"1818",1999,"LA",1.25895e+11
"1819",1999,"MA",2.65143e+11
"1820",1999,"MD",1.80191e+11
"1821",1999,"ME",3.4379e+10
"1822",1999,"MI",3.37835e+11
"1823",1999,"MN",1.75156e+11
"1824",1999,"MO",1.77748e+11
"1825",1999,"MS",6.3819e+10
"1826",1999,"MT",2.0821e+10
"1827",1999,"NC",2.64836e+11
"1828",1999,"ND",1.7017e+10
"1829",1999,"NE",5.3705e+10
"1830",1999,"NH",4.1873e+10
"1831",1999,"NJ",3.36471e+11
"1832",1999,"NM",5.3082e+10
"1833",1999,"NV",7.1445e+10
"1834",1999,"NY",7.92569e+11
"1835",1999,"OH",3.75814e+11
"1836",1999,"OK",8.409e+10
"1837",1999,"OR",1.07564e+11
"1838",1999,"PA",3.90499e+11
"1839",1999,"RI",3.2284e+10
"1840",1999,"SC",1.10096e+11
"1841",1999,"SD",2.1046e+10
"1842",1999,"TN",1.76083e+11
"1843",1999,"TX",6.80182e+11
"1844",1999,"UT",6.6039e+10
"1845",1999,"VA",2.49106e+11
"1846",1999,"VT",1.7162e+10
"1847",1999,"WA",2.30237e+11
"1848",1999,"WI",1.72329e+11
"1849",1999,"WV",4.1796e+10
"1850",1999,"WY",1.5715e+10
"1851",2000,"AK",2.6816e+10
"1852",2000,"AL",1.20133e+11
"1853",2000,"AR",6.874e+10
"1854",2000,"AZ",1.6461e+11
"1855",2000,"CA",1.366167e+12
"1856",2000,"CO",1.80693e+11
"1857",2000,"CT",1.65822e+11
"1858",2000,"DE",4.3516e+10
"1859",2000,"FL",4.88466e+11
"1860",2000,"GA",3.0602e+11
"1861",2000,"HI",4.152e+10
"1862",2000,"IA",9.319e+10
"1863",2000,"ID",3.8131e+10
"1864",2000,"IL",4.86766e+11
"1865",2000,"IN",2.03357e+11
"1866",2000,"KS",8.5821e+10
"1867",2000,"KY",1.14099e+11
"1868",2000,"LA",1.3271e+11
"1869",2000,"MA",2.89653e+11
"1870",2000,"MD",1.9202e+11
"1871",2000,"ME",3.6841e+10
"1872",2000,"MI",3.51641e+11
"1873",2000,"MN",1.90894e+11
"1874",2000,"MO",1.86785e+11
"1875",2000,"MS",6.56e+10
"1876",2000,"MT",2.1878e+10
"1877",2000,"NC",2.77994e+11
"1878",2000,"ND",1.8014e+10
"1879",2000,"NE",5.6541e+10
"1880",2000,"NH",4.5223e+10
"1881",2000,"NJ",3.61845e+11
"1882",2000,"NM",5.524e+10
"1883",2000,"NV",7.6654e+10
"1884",2000,"NY",8.36202e+11
"1885",2000,"OH",3.91321e+11
"1886",2000,"OK",9.0893e+10
"1887",2000,"OR",1.17291e+11
"1888",2000,"PA",4.08203e+11
"1889",2000,"RI",3.4521e+10
"1890",2000,"SC",1.15177e+11
"1891",2000,"SD",2.2669e+10
"1892",2000,"TN",1.82089e+11
"1893",2000,"TX",7.38804e+11
"1894",2000,"UT",7.0384e+10
"1895",2000,"VA",2.67618e+11
"1896",2000,"VT",1.8313e+10
"1897",2000,"WA",2.38137e+11
"1898",2000,"WI",1.80616e+11
"1899",2000,"WV",4.2577e+10
"1900",2000,"WY",1.7192e+10
"1901",2001,"AK",2.8455e+10
"1902",2001,"AL",1.23035e+11
"1903",2001,"AR",7.068e+10
"1904",2001,"AZ",1.71481e+11
"1905",2001,"CA",1.387552e+12
"1906",2001,"CO",1.87546e+11
"1907",2001,"CT",1.72835e+11
"1908",2001,"DE",4.6556e+10
"1909",2001,"FL",5.16559e+11
"1910",2001,"GA",3.17271e+11
"1911",2001,"HI",4.2983e+10
"1912",2001,"IA",9.4973e+10
"1913",2001,"ID",3.7494e+10
"1914",2001,"IL",5.01156e+11
"1915",2001,"IN",2.04706e+11
"1916",2001,"KS",8.8595e+10
"1917",2001,"KY",1.17336e+11
"1918",2001,"LA",1.37848e+11
"1919",2001,"MA",2.97918e+11
"1920",2001,"MD",2.05567e+11
"1921",2001,"ME",3.8499e+10
"1922",2001,"MI",3.48643e+11
"1923",2001,"MN",1.95282e+11
"1924",2001,"MO",1.90571e+11
"1925",2001,"MS",6.7137e+10
"1926",2001,"MT",2.2793e+10
"1927",2001,"NC",2.88185e+11
"1928",2001,"ND",1.8961e+10
"1929",2001,"NE",5.9598e+10
"1930",2001,"NH",4.6626e+10
"1931",2001,"NJ",3.736e+11
"1932",2001,"NM",5.597e+10
"1933",2001,"NV",8.038e+10
"1934",2001,"NY",8.73781e+11
"1935",2001,"OH",3.9571e+11
"1936",2001,"OK",9.676e+10
"1937",2001,"OR",1.17295e+11
"1938",2001,"PA",4.24773e+11
"1939",2001,"RI",3.5982e+10
"1940",2001,"SC",1.1929e+11
"1941",2001,"SD",2.3406e+10
"1942",2001,"TN",1.85855e+11
"1943",2001,"TX",7.72909e+11
"1944",2001,"UT",7.3392e+10
"1945",2001,"VA",2.84397e+11
"1946",2001,"VT",1.9272e+10
"1947",2001,"WA",2.39763e+11
"1948",2001,"WI",1.87974e+11
"1949",2001,"WV",4.3983e+10
"1950",2001,"WY",1.8691e+10
"1951",2002,"AK",2.9633e+10
"1952",2002,"AL",1.28117e+11
"1953",2002,"AR",7.3987e+10
"1954",2002,"AZ",1.79476e+11
"1955",2002,"CA",1.439342e+12
"1956",2002,"CO",1.91062e+11
"1957",2002,"CT",1.76192e+11
"1958",2002,"DE",4.5828e+10
"1959",2002,"FL",5.48398e+11
"1960",2002,"GA",3.2667e+11
"1961",2002,"HI",4.545e+10
"1962",2002,"IA",9.9123e+10
"1963",2002,"ID",3.882e+10
"1964",2002,"IL",5.13612e+11
"1965",2002,"IN",2.12439e+11
"1966",2002,"KS",9.105e+10
"1967",2002,"KY",1.22216e+11
"1968",2002,"LA",1.39567e+11
"1969",2002,"MA",3.0399e+11
"1970",2002,"MD",2.18327e+11
"1971",2002,"ME",4.0186e+10
"1972",2002,"MI",3.62311e+11
"1973",2002,"MN",2.02854e+11
"1974",2002,"MO",1.96765e+11
"1975",2002,"MS",6.9043e+10
"1976",2002,"MT",2.3868e+10
"1977",2002,"NC",2.97907e+11
"1978",2002,"ND",2.0229e+10
"1979",2002,"NE",6.1622e+10
"1980",2002,"NH",4.8692e+10
"1981",2002,"NJ",3.88278e+11
"1982",2002,"NM",5.8034e+10
"1983",2002,"NV",8.4786e+10
"1984",2002,"NY",8.84104e+11
"1985",2002,"OH",4.11148e+11
"1986",2002,"OK",9.9151e+10
"1987",2002,"OR",1.21201e+11
"1988",2002,"PA",4.36474e+11
"1989",2002,"RI",3.8111e+10
"1990",2002,"SC",1.24178e+11
"1991",2002,"SD",2.6165e+10
"1992",2002,"TN",1.95332e+11
"1993",2002,"TX",7.8772e+11
"1994",2002,"UT",7.6159e+10
"1995",2002,"VA",2.93399e+11
"1996",2002,"VT",2.0162e+10
"1997",2002,"WA",2.48153e+11
"1998",2002,"WI",1.94845e+11
"1999",2002,"WV",4.5434e+10
"2000",2002,"WY",1.915e+10
"2001",2003,"AK",3.179e+10
"2002",2003,"AL",1.33969e+11
"2003",2003,"AR",7.8306e+10
"2004",2003,"AZ",1.92765e+11
"2005",2003,"CA",1.53056e+12
"2006",2003,"CO",1.96769e+11
"2007",2003,"CT",1.8123e+11
"2008",2003,"DE",4.7731e+10
"2009",2003,"FL",5.83447e+11
"2010",2003,"GA",3.40627e+11
"2011",2003,"HI",4.8923e+10
"2012",2003,"IA",1.0502e+11
"2013",2003,"ID",4.0418e+10
"2014",2003,"IL",5.30143e+11
"2015",2003,"IN",2.235e+11
"2016",2003,"KS",9.463e+10
"2017",2003,"KY",1.27174e+11
"2018",2003,"LA",1.54449e+11
"2019",2003,"MA",3.15958e+11
"2020",2003,"MD",2.28734e+11
"2021",2003,"ME",4.1842e+10
"2022",2003,"MI",3.72966e+11
"2023",2003,"MN",2.14847e+11
"2024",2003,"MO",2.05194e+11
"2025",2003,"MS",7.3587e+10
"2026",2003,"MT",2.5647e+10
"2027",2003,"NC",3.09351e+11
"2028",2003,"ND",2.2073e+10
"2029",2003,"NE",6.6402e+10
"2030",2003,"NH",5.1378e+10
"2031",2003,"NJ",4.04967e+11
"2032",2003,"NM",6.2865e+10
"2033",2003,"NV",9.0368e+10
"2034",2003,"NY",9.02544e+11
"2035",2003,"OH",4.24427e+11
"2036",2003,"OK",1.0513e+11
"2037",2003,"OR",1.27154e+11
"2038",2003,"PA",4.54517e+11
"2039",2003,"RI",4.025e+10
"2040",2003,"SC",1.30314e+11
"2041",2003,"SD",2.7197e+10
"2042",2003,"TN",2.03328e+11
"2043",2003,"TX",8.29723e+11
"2044",2003,"UT",7.9138e+10
"2045",2003,"VA",3.10133e+11
"2046",2003,"VT",2.1124e+10
"2047",2003,"WA",2.5783e+11
"2048",2003,"WI",2.03049e+11
"2049",2003,"WV",4.6748e+10
"2050",2003,"WY",2.1058e+10
"2051",2004,"AK",3.4988e+10
"2052",2004,"AL",1.46887e+11
"2053",2004,"AR",8.4557e+10
"2054",2004,"AZ",2.05391e+11
"2055",2004,"CA",1.632429e+12
"2056",2004,"CO",2.04375e+11
"2057",2004,"CT",1.98282e+11
"2058",2004,"DE",5.1338e+10
"2059",2004,"FL",6.36088e+11
"2060",2004,"GA",3.64229e+11
"2061",2004,"HI",5.3761e+10
"2062",2004,"IA",1.16834e+11
"2063",2004,"ID",4.3866e+10
"2064",2004,"IL",5.61037e+11
"2065",2004,"IN",2.36921e+11
"2066",2004,"KS",9.8014e+10
"2067",2004,"KY",1.34191e+11
"2068",2004,"LA",1.69836e+11
"2069",2004,"MA",3.30937e+11
"2070",2004,"MD",2.46682e+11
"2071",2004,"ME",4.4526e+10
"2072",2004,"MI",3.81443e+11
"2073",2004,"MN",2.30245e+11
"2074",2004,"MO",2.15413e+11
"2075",2004,"MS",7.7298e+10
"2076",2004,"MT",2.7895e+10
"2077",2004,"NC",3.27276e+11
"2078",2004,"ND",2.3152e+10
"2079",2004,"NE",7.032e+10
"2080",2004,"NH",5.4126e+10
"2081",2004,"NJ",4.22633e+11
"2082",2004,"NM",6.9697e+10
"2083",2004,"NV",1.03446e+11
"2084",2004,"NY",9.52282e+11
"2085",2004,"OH",4.4541e+11
"2086",2004,"OK",1.12872e+11
"2087",2004,"OR",1.36304e+11
"2088",2004,"PA",4.80811e+11
"2089",2004,"RI",4.3218e+10
"2090",2004,"SC",1.35143e+11
"2091",2004,"SD",2.9031e+10
"2092",2004,"TN",2.17939e+11
"2093",2004,"TX",9.07476e+11
"2094",2004,"UT",8.5783e+10
"2095",2004,"VA",3.32669e+11
"2096",2004,"VT",2.2658e+10
"2097",2004,"WA",2.69983e+11
"2098",2004,"WI",2.15017e+11
"2099",2004,"WV",4.9281e+10
"2100",2004,"WY",2.322e+10
"2101",2005,"AK",3.9789e+10
"2102",2005,"AL",1.56403e+11
"2103",2005,"AR",8.9643e+10
"2104",2005,"AZ",2.28233e+11
"2105",2005,"CA",1.752649e+12
"2106",2005,"CO",2.20307e+11
"2107",2005,"CT",2.08661e+11
"2108",2005,"DE",5.2028e+10
"2109",2005,"FL",6.9726e+11
"2110",2005,"GA",3.87e+11
"2111",2005,"HI",5.8659e+10
"2112",2005,"IA",1.22256e+11
"2113",2005,"ID",4.7958e+10
"2114",2005,"IL",5.89149e+11
"2115",2005,"IN",2.43862e+11
"2116",2005,"KS",1.03966e+11
"2117",2005,"KY",1.42708e+11
"2118",2005,"LA",1.97784e+11
"2119",2005,"MA",3.46085e+11
"2120",2005,"MD",2.66065e+11
"2121",2005,"ME",4.587e+10
"2122",2005,"MI",3.94141e+11
"2123",2005,"MN",2.4307e+11
"2124",2005,"MO",2.25089e+11
"2125",2005,"MS",8.1225e+10
"2126",2005,"MT",3.0528e+10
"2127",2005,"NC",3.51337e+11
"2128",2005,"ND",2.4461e+10
"2129",2005,"NE",7.412e+10
"2130",2005,"NH",5.6347e+10
"2131",2005,"NJ",4.40494e+11
"2132",2005,"NM",7.3662e+10
"2133",2005,"NV",1.17056e+11
"2134",2005,"NY",1.012181e+12
"2135",2005,"OH",4.65893e+11
"2136",2005,"OK",1.2437e+11
"2137",2005,"OR",1.43592e+11
"2138",2005,"PA",5.04871e+11
"2139",2005,"RI",4.5133e+10
"2140",2005,"SC",1.42615e+11
"2141",2005,"SD",3.0535e+10
"2142",2005,"TN",2.28126e+11
"2143",2005,"TX",9.86203e+11
"2144",2005,"UT",9.4303e+10
"2145",2005,"VA",3.60842e+11
"2146",2005,"VT",2.3501e+10
"2147",2005,"WA",2.95859e+11
"2148",2005,"WI",2.25591e+11
"2149",2005,"WV",5.3293e+10
"2150",2005,"WY",2.7219e+10
"2151",2006,"AK",4.4457e+10
"2152",2006,"AL",1.64348e+11
"2153",2006,"AR",9.4452e+10
"2154",2006,"AZ",2.48154e+11
"2155",2006,"CA",1.874851e+12
"2156",2006,"CO",2.31256e+11
"2157",2006,"CT",2.22914e+11
"2158",2006,"DE",5.4957e+10
"2159",2006,"FL",7.44661e+11
"2160",2006,"GA",4.02501e+11
"2161",2006,"HI",6.235e+10
"2162",2006,"IA",1.27053e+11
"2163",2006,"ID",5.0986e+10
"2164",2006,"IL",6.23471e+11
"2165",2006,"IN",2.55463e+11
"2166",2006,"KS",1.12634e+11
"2167",2006,"KY",1.51186e+11
"2168",2006,"LA",2.05888e+11
"2169",2006,"MA",3.61657e+11
"2170",2006,"MD",2.79424e+11
"2171",2006,"ME",4.793e+10
"2172",2006,"MI",3.95685e+11
"2173",2006,"MN",2.50157e+11
"2174",2006,"MO",2.32906e+11
"2175",2006,"MS",8.6065e+10
"2176",2006,"MT",3.2967e+10
"2177",2006,"NC",3.82799e+11
"2178",2006,"ND",2.6209e+10
"2179",2006,"NE",7.8283e+10
"2180",2006,"NH",5.9396e+10
"2181",2006,"NJ",4.64318e+11
"2182",2006,"NM",7.7397e+10
"2183",2006,"NV",1.27008e+11
"2184",2006,"NY",1.068635e+12
"2185",2006,"OH",4.77201e+11
"2186",2006,"OK",1.3695e+11
"2187",2006,"OR",1.55166e+11
"2188",2006,"PA",5.25666e+11
"2189",2006,"RI",4.7685e+10
"2190",2006,"SC",1.50661e+11
"2191",2006,"SD",3.1824e+10
"2192",2006,"TN",2.40111e+11
"2193",2006,"TX",1.084172e+12
"2194",2006,"UT",1.06028e+11
"2195",2006,"VA",3.78981e+11
"2196",2006,"VT",2.4305e+10
"2197",2006,"WA",3.17314e+11
"2198",2006,"WI",2.35848e+11
"2199",2006,"WV",5.6578e+10
"2200",2006,"WY",3.2456e+10
"2201",2007,"AK",4.9003e+10
"2202",2007,"AL",1.70264e+11
"2203",2007,"AR",9.6992e+10
"2204",2007,"AZ",2.62245e+11
"2205",2007,"CA",1.955321e+12
"2206",2007,"CO",2.46151e+11
"2207",2007,"CT",2.37398e+11
"2208",2007,"DE",5.6281e+10
"2209",2007,"FL",7.68568e+11
"2210",2007,"GA",4.1478e+11
"2211",2007,"HI",6.5224e+10
"2212",2007,"IA",1.3718e+11
"2213",2007,"ID",5.3865e+10
"2214",2007,"IL",6.48244e+11
"2215",2007,"IN",2.69071e+11
"2216",2007,"KS",1.22349e+11
"2217",2007,"KY",1.54542e+11
"2218",2007,"LA",2.06602e+11
"2219",2007,"MA",3.80288e+11
"2220",2007,"MD",2.8776e+11
"2221",2007,"ME",4.9163e+10
"2222",2007,"MI",4.03717e+11
"2223",2007,"MN",2.59296e+11
"2224",2007,"MO",2.40392e+11
"2225",2007,"MS",9.122e+10
"2226",2007,"MT",3.6091e+10
"2227",2007,"NC",3.96632e+11
"2228",2007,"ND",2.8782e+10
"2229",2007,"NE",8.33e+10
"2230",2007,"NH",6.0711e+10
"2231",2007,"NJ",4.80445e+11
"2232",2007,"NM",8.0543e+10
"2233",2007,"NV",1.31493e+11
"2234",2007,"NY",1.109749e+12
"2235",2007,"OH",4.90824e+11
"2236",2007,"OK",1.448e+11
"2237",2007,"OR",1.61432e+11
"2238",2007,"PA",5.59143e+11
"2239",2007,"RI",4.776e+10
"2240",2007,"SC",1.59101e+11
"2241",2007,"SD",3.4816e+10
"2242",2007,"TN",2.44194e+11
"2243",2007,"TX",1.178221e+12
"2244",2007,"UT",1.14657e+11
"2245",2007,"VA",3.92929e+11
"2246",2007,"VT",2.4689e+10
"2247",2007,"WA",3.46491e+11
"2248",2007,"WI",2.43841e+11
"2249",2007,"WV",5.8629e+10
"2250",2007,"WY",3.6614e+10
"2251",2008,"AK",5.4759e+10
"2252",2008,"AL",1.72677e+11
"2253",2008,"AR",9.9014e+10
"2254",2008,"AZ",2.59263e+11
"2255",2008,"CA",1.990188e+12
"2256",2008,"CO",2.5583e+11
"2257",2008,"CT",2.40576e+11
"2258",2008,"DE",5.4778e+10
"2259",2008,"FL",7.50973e+11
"2260",2008,"GA",4.11852e+11
"2261",2008,"HI",6.6858e+10
"2262",2008,"IA",1.37116e+11
"2263",2008,"ID",5.5584e+10
"2264",2008,"IL",6.48732e+11
"2265",2008,"IN",2.7314e+11
"2266",2008,"KS",1.27825e+11
"2267",2008,"KY",1.58209e+11
"2268",2008,"LA",2.15289e+11
"2269",2008,"MA",3.881e+11
"2270",2008,"MD",2.96326e+11
"2271",2008,"ME",4.9979e+10
"2272",2008,"MI",3.8599e+11
"2273",2008,"MN",2.64866e+11
"2274",2008,"MO",2.51692e+11
"2275",2008,"MS",9.6921e+10
"2276",2008,"MT",3.6815e+10
"2277",2008,"NC",4.13065e+11
"2278",2008,"ND",3.1852e+10
"2279",2008,"NE",8.5661e+10
"2280",2008,"NH",6.0865e+10
"2281",2008,"NJ",4.94855e+11
"2282",2008,"NM",8.3691e+10
"2283",2008,"NV",1.29096e+11
"2284",2008,"NY",1.101637e+12
"2285",2008,"OH",4.91609e+11
"2286",2008,"OK",1.59761e+11
"2287",2008,"OR",1.65051e+11
"2288",2008,"PA",5.81527e+11
"2289",2008,"RI",4.7078e+10
"2290",2008,"SC",1.61798e+11
"2291",2008,"SD",3.6476e+10
"2292",2008,"TN",2.5155e+11
"2293",2008,"TX",1.236362e+12
"2294",2008,"UT",1.15885e+11
"2295",2008,"VA",4.00306e+11
"2296",2008,"VT",2.5668e+10
"2297",2008,"WA",3.55597e+11
"2298",2008,"WI",2.44634e+11
"2299",2008,"WV",6.1994e+10
"2300",2008,"WY",4.255e+10
"2301",2009,"AK",4.9652e+10
"2302",2009,"AL",1.69129e+11
"2303",2009,"AR",9.6984e+10
"2304",2009,"AZ",2.43765e+11
"2305",2009,"CA",1.919271e+12
"2306",2009,"CO",2.48669e+11
"2307",2009,"CT",2.36922e+11
"2308",2009,"DE",5.7267e+10
"2309",2009,"FL",7.25658e+11
"2310",2009,"GA",4.06066e+11
"2311",2009,"HI",6.5711e+10
"2312",2009,"IA",1.3682e+11
"2313",2009,"ID",5.3764e+10
"2314",2009,"IL",6.45147e+11
"2315",2009,"IN",2.615e+11
"2316",2009,"KS",1.2478e+11
"2317",2009,"KY",1.56039e+11
"2318",2009,"LA",2.0712e+11
"2319",2009,"MA",3.91273e+11
"2320",2009,"MD",3.02389e+11
"2321",2009,"ME",5.0568e+10
"2322",2009,"MI",3.65553e+11
"2323",2009,"MN",2.60513e+11
"2324",2009,"MO",2.51403e+11
"2325",2009,"MS",9.3503e+10
"2326",2009,"MT",3.6032e+10
"2327",2009,"NC",4.06833e+11
"2328",2009,"ND",3.224e+10
"2329",2009,"NE",8.7107e+10
"2330",2009,"NH",6.1909e+10
"2331",2009,"NJ",4.8621e+11
"2332",2009,"NM",8.199e+10
"2333",2009,"NV",1.20988e+11
"2334",2009,"NY",1.150994e+12
"2335",2009,"OH",4.78024e+11
"2336",2009,"OK",1.45858e+11
"2337",2009,"OR",1.60575e+11
"2338",2009,"PA",5.76964e+11
"2339",2009,"RI",4.7907e+10
"2340",2009,"SC",1.59911e+11
"2341",2009,"SD",3.6342e+10
"2342",2009,"TN",2.50379e+11
"2343",2009,"TX",1.162972e+12
"2344",2009,"UT",1.13518e+11
"2345",2009,"VA",4.09442e+11
"2346",2009,"VT",2.5871e+10
"2347",2009,"WA",3.53706e+11
"2348",2009,"WI",2.45519e+11
"2349",2009,"WV",6.3033e+10
"2350",2009,"WY",3.6086e+10
"2351",2010,"AK",5.2948e+10
"2352",2010,"AL",1.7547e+11
"2353",2010,"AR",1.00971e+11
"2354",2010,"AZ",2.48125e+11
"2355",2010,"CA",1.973512e+12
"2356",2010,"CO",2.55661e+11
"2357",2010,"CT",2.38052e+11
"2358",2010,"DE",5.7987e+10
"2359",2010,"FL",7.38242e+11
"2360",2010,"GA",4.14664e+11
"2361",2010,"HI",6.826e+10
"2362",2010,"IA",1.42017e+11
"2363",2010,"ID",5.5215e+10
"2364",2010,"IL",6.61715e+11
"2365",2010,"IN",2.80497e+11
"2366",2010,"KS",1.2797e+11
"2367",2010,"KY",1.6482e+11
"2368",2010,"LA",2.26162e+11
"2369",2010,"MA",4.10188e+11
"2370",2010,"MD",3.16317e+11
"2371",2010,"ME",5.1724e+10
"2372",2010,"MI",3.8663e+11
"2373",2010,"MN",2.72636e+11
"2374",2010,"MO",2.57897e+11
"2375",2010,"MS",9.5265e+10
"2376",2010,"MT",3.8103e+10
"2377",2010,"NC",4.1571e+11
"2378",2010,"ND",3.5689e+10
"2379",2010,"NE",9.1786e+10
"2380",2010,"NH",6.4171e+10
"2381",2010,"NJ",4.94978e+11
"2382",2010,"NM",8.4038e+10
"2383",2010,"NV",1.23652e+11
"2384",2010,"NY",1.212485e+12
"2385",2010,"OH",4.96458e+11
"2386",2010,"OK",1.53215e+11
"2387",2010,"OR",1.63827e+11
"2388",2010,"PA",5.99025e+11
"2389",2010,"RI",4.9472e+10
"2390",2010,"SC",1.63844e+11
"2391",2010,"SD",3.7709e+10
"2392",2010,"TN",2.55696e+11
"2393",2010,"TX",1.237304e+12
"2394",2010,"UT",1.18098e+11
"2395",2010,"VA",4.23564e+11
"2396",2010,"VT",2.7113e+10
"2397",2010,"WA",3.658e+11
"2398",2010,"WI",2.54615e+11
"2399",2010,"WV",6.5305e+10
"2400",2010,"WY",3.7443e+10
"2401",2011,"AK",5.6334e+10
"2402",2011,"AL",1.8193e+11
"2403",2011,"AR",1.05108e+11
"2404",2011,"AZ",2.57881e+11
"2405",2011,"CA",2.049337e+12
"2406",2011,"CO",2.6431e+11
"2407",2011,"CT",2.36816e+11
"2408",2011,"DE",6.0822e+10
"2409",2011,"FL",7.46535e+11
"2410",2011,"GA",4.27827e+11
"2411",2011,"HI",7.063e+10
"2412",2011,"IA",1.48102e+11
"2413",2011,"ID",5.6516e+10
"2414",2011,"IL",6.87951e+11
"2415",2011,"IN",2.88943e+11
"2416",2011,"KS",1.35529e+11
"2417",2011,"KY",1.70005e+11
"2418",2011,"LA",2.29215e+11
"2419",2011,"MA",4.26013e+11
"2420",2011,"MD",3.27727e+11
"2421",2011,"ME",5.1867e+10
"2422",2011,"MI",4.01069e+11
"2423",2011,"MN",2.85408e+11
"2424",2011,"MO",2.59645e+11
"2425",2011,"MS",9.6408e+10
"2426",2011,"MT",4.0616e+10
"2427",2011,"NC",4.26569e+11
"2428",2011,"ND",4.1438e+10
"2429",2011,"NE",9.9954e+10
"2430",2011,"NH",6.545e+10
"2431",2011,"NJ",4.98959e+11
"2432",2011,"NM",8.6683e+10
"2433",2011,"NV",1.26676e+11
"2434",2011,"NY",1.237278e+12
"2435",2011,"OH",5.23355e+11
"2436",2011,"OK",1.65091e+11
"2437",2011,"OR",1.70621e+11
"2438",2011,"PA",6.18555e+11
"2439",2011,"RI",5.017e+10
"2440",2011,"SC",1.70078e+11
"2441",2011,"SD",4.169e+10
"2442",2011,"TN",2.67488e+11
"2443",2011,"TX",1.331138e+12
"2444",2011,"UT",1.2469e+11
"2445",2011,"VA",4.3301e+11
"2446",2011,"VT",2.8135e+10
"2447",2011,"WA",3.79796e+11
"2448",2011,"WI",2.64166e+11
"2449",2011,"WV",6.8447e+10
"2450",2011,"WY",3.9415e+10
"2451",2012,"AK",5.7718e+10
"2452",2012,"AL",1.86554e+11
"2453",2012,"AR",1.07719e+11
"2454",2012,"AZ",2.68068e+11
"2455",2012,"CA",2.14409e+12
"2456",2012,"CO",2.73594e+11
"2457",2012,"CT",2.44114e+11
"2458",2012,"DE",6.1867e+10
"2459",2012,"FL",7.68723e+11
"2460",2012,"GA",4.43566e+11
"2461",2012,"HI",7.3677e+10
"2462",2012,"IA",1.57839e+11
"2463",2012,"ID",5.778e+10
"2464",2012,"IL",7.20882e+11
"2465",2012,"IN",2.97816e+11
"2466",2012,"KS",1.40764e+11
"2467",2012,"KY",1.76323e+11
"2468",2012,"LA",2.33481e+11
"2469",2012,"MA",4.44478e+11
"2470",2012,"MD",3.34556e+11
"2471",2012,"ME",5.2867e+10
"2472",2012,"MI",4.18742e+11
"2473",2012,"MN",2.96273e+11
"2474",2012,"MO",2.68862e+11
"2475",2012,"MS",9.9616e+10
"2476",2012,"MT",4.2042e+10
"2477",2012,"NC",4.3954e+11
"2478",2012,"ND",5.1625e+10
"2479",2012,"NE",1.02605e+11
"2480",2012,"NH",6.7636e+10
"2481",2012,"NJ",5.19569e+11
"2482",2012,"NM",8.7645e+10
"2483",2012,"NV",1.27789e+11
"2484",2012,"NY",1.323401e+12
"2485",2012,"OH",5.40882e+11
"2486",2012,"OK",1.73239e+11
"2487",2012,"OR",1.74428e+11
"2488",2012,"PA",6.40663e+11
"2489",2012,"RI",5.1607e+10
"2490",2012,"SC",1.75329e+11
"2491",2012,"SD",4.3551e+10
"2492",2012,"TN",2.83482e+11
"2493",2012,"TX",1.410448e+12
"2494",2012,"UT",1.28764e+11
"2495",2012,"VA",4.45121e+11
"2496",2012,"VT",2.8894e+10
"2497",2012,"WA",4.00623e+11
"2498",2012,"WI",2.74541e+11
"2499",2012,"WV",6.9336e+10
"2500",2012,"WY",3.8438e+10
"2501",2013,"AK",5.6625e+10
"2502",2013,"AL",1.92167e+11
"2503",2013,"AR",1.12765e+11
"2504",2013,"AZ",2.75008e+11
"2505",2013,"CA",2.261511e+12
"2506",2013,"CO",2.88384e+11
"2507",2013,"CT",2.44128e+11
"2508",2013,"DE",6.1008e+10
"2509",2013,"FL",8.00886e+11
"2510",2013,"GA",4.59579e+11
"2511",2013,"HI",7.5808e+10
"2512",2013,"IA",1.61583e+11
"2513",2013,"ID",6.1155e+10
"2514",2013,"IL",7.34809e+11
"2515",2013,"IN",3.08725e+11
"2516",2013,"KS",1.43066e+11
"2517",2013,"KY",1.82471e+11
"2518",2013,"LA",2.28688e+11
"2519",2013,"MA",4.55653e+11
"2520",2013,"MD",3.40706e+11
"2521",2013,"ME",5.3671e+10
"2522",2013,"MI",4.33756e+11
"2523",2013,"MN",3.08785e+11
"2524",2013,"MO",2.77394e+11
"2525",2013,"MS",1.01474e+11
"2526",2013,"MT",4.3137e+10
"2527",2013,"NC",4.55267e+11
"2528",2013,"ND",5.3733e+10
"2529",2013,"NE",1.06517e+11
"2530",2013,"NH",6.9496e+10
"2531",2013,"NJ",5.37346e+11
"2532",2013,"NM",8.8533e+10
"2533",2013,"NV",1.30687e+11
"2534",2013,"NY",1.361963e+12
"2535",2013,"OH",5.60937e+11
"2536",2013,"OK",1.81858e+11
"2537",2013,"OR",1.7939e+11
"2538",2013,"PA",6.63335e+11
"2539",2013,"RI",5.2798e+10
"2540",2013,"SC",1.82837e+11
"2541",2013,"SD",4.4957e+10
"2542",2013,"TN",2.93265e+11
"2543",2013,"TX",1.500554e+12
"2544",2013,"UT",1.3453e+11
"2545",2013,"VA",4.55167e+11
"2546",2013,"VT",2.8966e+10
"2547",2013,"WA",4.19671e+11
"2548",2013,"WI",2.81833e+11
"2549",2013,"WV",7.0999e+10
"2550",2013,"WY",3.8943e+10
"2551",2014,"AK",5.5751e+10
"2552",2014,"AL",1.95038e+11
"2553",2014,"AR",1.16152e+11
"2554",2014,"AZ",2.84851e+11
"2555",2014,"CA",2.399078e+12
"2556",2014,"CO",3.05691e+11
"2557",2014,"CT",2.48779e+11
"2558",2014,"DE",6.755e+10
"2559",2014,"FL",8.40386e+11
"2560",2014,"GA",4.85283e+11
"2561",2014,"HI",7.7819e+10
"2562",2014,"IA",1.72122e+11
"2563",2014,"ID",6.3799e+10
"2564",2014,"IL",7.66121e+11
"2565",2014,"IN",3.25008e+11
"2566",2014,"KS",1.48943e+11
"2567",2014,"KY",1.86419e+11
"2568",2014,"LA",2.37717e+11
"2569",2014,"MA",4.73052e+11
"2570",2014,"MD",3.53249e+11
"2571",2014,"ME",5.5827e+10
"2572",2014,"MI",4.48572e+11
"2573",2014,"MN",3.2269e+11
"2574",2014,"MO",2.84237e+11
"2575",2014,"MS",1.0352e+11
"2576",2014,"MT",4.4608e+10
"2577",2014,"NC",4.7626e+11
"2578",2014,"ND",5.868e+10
"2579",2014,"NE",1.11387e+11
"2580",2014,"NH",7.2304e+10
"2581",2014,"NJ",5.45465e+11
"2582",2014,"NM",9.2586e+10
"2583",2014,"NV",1.34518e+11
"2584",2014,"NY",1.425724e+12
"2585",2014,"OH",5.92876e+11
"2586",2014,"OK",1.93546e+11
"2587",2014,"OR",1.88778e+11
"2588",2014,"PA",6.91173e+11
"2589",2014,"RI",5.4298e+10
"2590",2014,"SC",1.91982e+11
"2591",2014,"SD",4.637e+10
"2592",2014,"TN",3.03789e+11
"2593",2014,"TX",1.568071e+12
"2594",2014,"UT",1.41528e+11
"2595",2014,"VA",4.64514e+11
"2596",2014,"VT",2.9691e+10
"2597",2014,"WA",4.4293e+11
"2598",2014,"WI",2.93837e+11
"2599",2014,"WV",7.1769e+10
"2600",2014,"WY",3.9432e+10
"2601",2015,"AK",5.0728e+10
"2602",2015,"AL",2.00198e+11
"2603",2015,"AR",1.17734e+11
"2604",2015,"AZ",2.98615e+11
"2605",2015,"CA",2.559643e+12
"2606",2015,"CO",3.17992e+11
"2607",2015,"CT",2.62373e+11
"2608",2015,"DE",7.1548e+10
"2609",2015,"FL",8.97755e+11
"2610",2015,"GA",5.15753e+11
"2611",2015,"HI",8.2644e+10
"2612",2015,"IA",1.79459e+11
"2613",2015,"ID",6.6082e+10
"2614",2015,"IL",7.95326e+11
"2615",2015,"IN",3.29528e+11
"2616",2015,"KS",1.54016e+11
"2617",2015,"KY",1.92819e+11
"2618",2015,"LA",2.31752e+11
"2619",2015,"MA",5.03179e+11
"2620",2015,"MD",3.70768e+11
"2621",2015,"ME",5.756e+10
"2622",2015,"MI",4.7315e+11
"2623",2015,"MN",3.33066e+11
"2624",2015,"MO",2.93938e+11
"2625",2015,"MS",1.05428e+11
"2626",2015,"MT",4.6269e+10
"2627",2015,"NC",5.02808e+11
"2628",2015,"ND",5.5069e+10
"2629",2015,"NE",1.15664e+11
"2630",2015,"NH",7.5832e+10
"2631",2015,"NJ",5.69117e+11
"2632",2015,"NM",9.1322e+10
"2633",2015,"NV",1.43554e+11
"2634",2015,"NY",1.485621e+12
"2635",2015,"OH",6.09322e+11
"2636",2015,"OK",1.8414e+11
"2637",2015,"OR",2.02719e+11
"2638",2015,"PA",7.11787e+11
"2639",2015,"RI",5.6561e+10
"2640",2015,"SC",2.04e+11
"2641",2015,"SD",4.7631e+10
"2642",2015,"TN",3.23659e+11
"2643",2015,"TX",1.564374e+12
"2644",2015,"UT",1.48918e+11
"2645",2015,"VA",4.84531e+11
"2646",2015,"VT",3.0664e+10
"2647",2015,"WA",4.71703e+11
"2648",2015,"WI",3.06499e+11
"2649",2015,"WV",7.0816e+10
"2650",2015,"WY",3.7861e+10
"2651",2016,"AK",4.9756e+10
"2652",2016,"AL",2.04455e+11
"2653",2016,"AR",1.19192e+11
"2654",2016,"AZ",3.13057e+11
"2655",2016,"CA",2.671101e+12
"2656",2016,"CO",3.27757e+11
"2657",2016,"CT",2.66747e+11
"2658",2016,"DE",6.9284e+10
"2659",2016,"FL",9.41561e+11
"2660",2016,"GA",5.41292e+11
"2661",2016,"HI",8.59e+10
"2662",2016,"IA",1.7994e+11
"2663",2016,"ID",6.9076e+10
"2664",2016,"IL",8.03944e+11
"2665",2016,"IN",3.37217e+11
"2666",2016,"KS",1.59233e+11
"2667",2016,"KY",1.9584e+11
"2668",2016,"LA",2.2341e+11
"2669",2016,"MA",5.19144e+11
"2670",2016,"MD",3.8762e+11
"2671",2016,"ME",5.9754e+10
"2672",2016,"MI",4.88963e+11
"2673",2016,"MN",3.41696e+11
"2674",2016,"MO",2.97753e+11
"2675",2016,"MS",1.06493e+11
"2676",2016,"MT",4.568e+10
"2677",2016,"NC",5.20357e+11
"2678",2016,"ND",5.0792e+10
"2679",2016,"NE",1.16879e+11
"2680",2016,"NH",7.8509e+10
"2681",2016,"NJ",5.81504e+11
"2682",2016,"NM",9.124e+10
"2683",2016,"NV",1.50287e+11
"2684",2016,"NY",1.545988e+12
"2685",2016,"OH",6.21543e+11
"2686",2016,"OK",1.77813e+11
"2687",2016,"OR",2.14618e+11
"2688",2016,"PA",7.26885e+11
"2689",2016,"RI",5.7529e+10
"2690",2016,"SC",2.13585e+11
"2691",2016,"SD",4.8731e+10
"2692",2016,"TN",3.34436e+11
"2693",2016,"TX",1.567687e+12
"2694",2016,"UT",1.57443e+11
"2695",2016,"VA",4.9657e+11
"2696",2016,"VT",3.143e+10
"2697",2016,"WA",4.93635e+11
"2698",2016,"WI",3.1344e+11
"2699",2016,"WV",7.0006e+10
"2700",2016,"WY",3.5704e+10
"2701",2017,"AK",5.1737e+10
"2702",2017,"AL",2.10896e+11
"2703",2017,"AR",1.22979e+11
"2704",2017,"AZ",3.30147e+11
"2705",2017,"CA",2.831038e+12
"2706",2017,"CO",3.48176e+11
"2707",2017,"CT",2.7257e+11
"2708",2017,"DE",6.9899e+10
"2709",2017,"FL",9.90097e+11
"2710",2017,"GA",5.68399e+11
"2711",2017,"HI",8.9619e+10
"2712",2017,"IA",1.82151e+11
"2713",2017,"ID",7.3287e+10
"2714",2017,"IL",8.23776e+11
"2715",2017,"IN",3.50436e+11
"2716",2017,"KS",1.63968e+11
"2717",2017,"KY",2.00346e+11
"2718",2017,"LA",2.35712e+11
"2719",2017,"MA",5.39973e+11
"2720",2017,"MD",3.99738e+11
"2721",2017,"ME",6.1672e+10
"2722",2017,"MI",5.01915e+11
"2723",2017,"MN",3.53416e+11
"2724",2017,"MO",3.05471e+11
"2725",2017,"MS",1.09431e+11
"2726",2017,"MT",4.7947e+10
"2727",2017,"NC",5.41041e+11
"2728",2017,"ND",5.2607e+10
"2729",2017,"NE",1.2095e+11
"2730",2017,"NH",8.0838e+10
"2731",2017,"NJ",5.90697e+11
"2732",2017,"NM",9.4457e+10
"2733",2017,"NV",1.58503e+11
"2734",2017,"NY",1.60889e+12
"2735",2017,"OH",6.42351e+11
"2736",2017,"OK",1.85486e+11
"2737",2017,"OR",2.27042e+11
"2738",2017,"PA",7.45141e+11
"2739",2017,"RI",5.8117e+10
"2740",2017,"SC",2.23414e+11
"2741",2017,"SD",5.0343e+10
"2742",2017,"TN",3.46283e+11
"2743",2017,"TX",1.665428e+12
"2744",2017,"UT",1.67613e+11
"2745",2017,"VA",5.11876e+11
"2746",2017,"VT",3.2041e+10
"2747",2017,"WA",5.27708e+11
"2748",2017,"WI",3.2061e+11
"2749",2017,"WV",7.2853e+10
"2750",2017,"WY",3.7271e+10
"2751",2018,"AK",5.4293e+10
"2752",2018,"AL",2.21031e+11
"2753",2018,"AR",1.27761e+11
"2754",2018,"AZ",3.50718e+11
"2755",2018,"CA",2.975083e+12
"2756",2018,"CO",3.72453e+11
"2757",2018,"CT",2.79782e+11
"2758",2018,"DE",7.4187e+10
"2759",2018,"FL",1.050298e+12
"2760",2018,"GA",6.02024e+11
"2761",2018,"HI",9.3101e+10
"2762",2018,"IA",1.90147e+11
"2763",2018,"ID",7.9091e+10
"2764",2018,"IL",8.6304e+11
"2765",2018,"IN",3.68425e+11
"2766",2018,"KS",1.71719e+11
"2767",2018,"KY",2.07849e+11
"2768",2018,"LA",2.53236e+11
"2769",2018,"MA",5.70464e+11
"2770",2018,"MD",4.11619e+11
"2771",2018,"ME",6.4557e+10
"2772",2018,"MI",5.21803e+11
"2773",2018,"MN",3.7193e+11
"2774",2018,"MO",3.17949e+11
"2775",2018,"MS",1.13579e+11
"2776",2018,"MT",5.0692e+10
"2777",2018,"NC",5.67452e+11
"2778",2018,"ND",5.6287e+10
"2779",2018,"NE",1.24705e+11
"2780",2018,"NH",8.4584e+10
"2781",2018,"NJ",6.12979e+11
"2782",2018,"NM",1.0008e+11
"2783",2018,"NV",1.6918e+11
"2784",2018,"NY",1.70501e+12
"2785",2018,"OH",6.7503e+11
"2786",2018,"OK",1.98596e+11
"2787",2018,"OR",2.41978e+11
"2788",2018,"PA",7.78375e+11
"2789",2018,"RI",5.9925e+10
"2790",2018,"SC",2.35287e+11
"2791",2018,"SD",5.3239e+10
"2792",2018,"TN",3.62737e+11
"2793",2018,"TX",1.795635e+12
"2794",2018,"UT",1.81623e+11
"2795",2018,"VA",5.3351e+11
"2796",2018,"VT",3.2981e+10
"2797",2018,"WA",5.75417e+11
"2798",2018,"WI",3.37553e+11
"2799",2018,"WV",7.7633e+10
"2800",2018,"WY",3.9703e+10
"2801",2019,"AK",5.4386e+10
"2802",2019,"AL",2.28143e+11
"2803",2019,"AR",1.30954e+11
"2804",2019,"AZ",3.70119e+11
"2805",2019,"CA",3.132801e+12
"2806",2019,"CO",3.92986e+11
"2807",2019,"CT",2.87822e+11
"2808",2019,"DE",7.7082e+10
"2809",2019,"FL",1.1065e+12
"2810",2019,"GA",6.25714e+11
"2811",2019,"HI",9.5744e+10
"2812",2019,"IA",1.94658e+11
"2813",2019,"ID",8.3666e+10
"2814",2019,"IL",8.85583e+11
"2815",2019,"IN",3.79684e+11
"2816",2019,"KS",1.76493e+11
"2817",2019,"KY",2.15399e+11
"2818",2019,"LA",2.56919e+11
"2819",2019,"MA",5.96593e+11
"2820",2019,"MD",4.26747e+11
"2821",2019,"ME",6.7717e+10
"2822",2019,"MI",5.36888e+11
"2823",2019,"MN",3.83777e+11
"2824",2019,"MO",3.28401e+11
"2825",2019,"MS",1.15971e+11
"2826",2019,"MT",5.2935e+10
"2827",2019,"NC",5.91601e+11
"2828",2019,"ND",5.7181e+10
"2829",2019,"NE",1.30012e+11
"2830",2019,"NH",8.7634e+10
"2831",2019,"NJ",6.34784e+11
"2832",2019,"NM",1.05143e+11
"2833",2019,"NV",1.78199e+11
"2834",2019,"NY",1.772261e+12
"2835",2019,"OH",6.95362e+11
"2836",2019,"OK",2.02036e+11
"2837",2019,"OR",2.53623e+11
"2838",2019,"PA",8.08738e+11
"2839",2019,"RI",6.1884e+10
"2840",2019,"SC",2.47544e+11
"2841",2019,"SD",5.4941e+10
"2842",2019,"TN",3.76582e+11
"2843",2019,"TX",1.843803e+12
"2844",2019,"UT",1.92519e+11
"2845",2019,"VA",5.56905e+11
"2846",2019,"VT",3.4013e+10
"2847",2019,"WA",6.12997e+11
"2848",2019,"WI",3.49417e+11
"2849",2019,"WV",7.8864e+10
"2850",2019,"WY",4.042e+10
"2851",2020,"AK",5.0247e+10
"2852",2020,"AL",2.24871e+11
"2853",2020,"AR",1.29074e+11
"2854",2020,"AZ",3.72461e+11
"2855",2020,"CA",3.091872e+12
"2856",2020,"CO",3.90099e+11
"2857",2020,"CT",2.809e+11
"2858",2020,"DE",7.5513e+10
"2859",2020,"FL",1.095888e+12
"2860",2020,"GA",6.1924e+11
"2861",2020,"HI",8.9856e+10
"2862",2020,"IA",1.9271e+11
"2863",2020,"ID",8.4032e+10
"2864",2020,"IL",8.63517e+11
"2865",2020,"IN",3.72637e+11
"2866",2020,"KS",1.73298e+11
"2867",2020,"KY",2.10024e+11
"2868",2020,"LA",2.41991e+11
"2869",2020,"MA",5.84039e+11
"2870",2020,"MD",4.22726e+11
"2871",2020,"ME",6.6196e+10
"2872",2020,"MI",5.15928e+11
"2873",2020,"MN",3.74352e+11
"2874",2020,"MO",3.21709e+11
"2875",2020,"MS",1.14201e+11
"2876",2020,"MT",5.1489e+10
"2877",2020,"NC",5.86136e+11
"2878",2020,"ND",5.4033e+10
"2879",2020,"NE",1.28809e+11
"2880",2020,"NH",8.5109e+10
"2881",2020,"NJ",6.19061e+11
"2882",2020,"NM",1.0031e+11
"2883",2020,"NV",1.72598e+11
"2884",2020,"NY",1.699045e+12
"2885",2020,"OH",6.75037e+11
"2886",2020,"OK",1.86581e+11
"2887",2020,"OR",2.50459e+11
"2888",2020,"PA",7.80176e+11
"2889",2020,"RI",6.0225e+10
"2890",2020,"SC",2.41689e+11
"2891",2020,"SD",5.4852e+10
"2892",2020,"TN",3.64486e+11
"2893",2020,"TX",1.759734e+12
"2894",2020,"UT",1.94986e+11
"2895",2020,"VA",5.5176e+11
"2896",2020,"VT",3.2797e+10
"2897",2020,"WA",6.18705e+11
"2898",2020,"WI",3.38678e+11
"2899",2020,"WV",7.3709e+10
"2900",2020,"WY",3.6242e+10
